Image,Red Mean,Green Mean,Blue Mean,Label
540.jpg,104.516357421875,105.82513427734375,109.3533935546875,Real
373.jpg,85.8106689453125,92.47186279296875,86.42730712890625,Real
560.jpg,101.0460205078125,102.97906494140625,95.5213623046875,Real
637.jpg,38.59161376953125,33.15106201171875,28.7725830078125,Real
833.jpg,75.82513427734375,88.9722900390625,88.19720458984375,Real
60.jpg,106.23028564453125,102.75048828125,99.68756103515625,Real
486.jpg,84.055419921875,111.47857666015625,122.51611328125,Real
174.jpg,20.77789306640625,13.35821533203125,3.6824951171875,Real
771.jpg,123.6510009765625,121.72210693359375,115.80084228515625,Real
66.jpg,98.44049072265625,114.96368408203125,110.96649169921875,Real
844.jpg,96.572021484375,124.9873046875,133.5181884765625,Real
777.jpg,112.09661865234375,123.130859375,118.06378173828125,Real
177.jpg,92.16436767578125,121.9342041015625,127.74334716796875,Real
436.jpg,131.06182861328125,148.45867919921875,142.77685546875,Real
16.jpg,107.067626953125,111.65545654296875,113.1795654296875,Real
245.jpg,106.3402099609375,118.94769287109375,112.3421630859375,Real
214.jpg,81.34027099609375,106.12261962890625,100.31903076171875,Real
476.jpg,78.8157958984375,88.77349853515625,95.583251953125,Real
834.jpg,96.1959228515625,117.1324462890625,111.23590087890625,Real
868.jpg,74.8702392578125,80.49603271484375,87.787841796875,Real
810.jpg,104.06451416015625,102.9027099609375,100.88543701171875,Real
652.jpg,15.48284912109375,14.204345703125,10.4224853515625,Real
184.jpg,126.0255126953125,149.88494873046875,155.4879150390625,Real
106.jpg,104.84417724609375,123.05743408203125,119.98516845703125,Real
887.jpg,87.60748291015625,84.38818359375,80.8375244140625,Real
553.jpg,78.78570556640625,83.74090576171875,93.591064453125,Real
346.jpg,82.94549560546875,81.0380859375,87.10919189453125,Real
374.jpg,108.291259765625,143.60223388671875,152.7269287109375,Real
796.jpg,88.35894775390625,110.06768798828125,113.8450927734375,Real
172.jpg,87.2742919921875,111.56982421875,117.8369140625,Real
370.jpg,132.1492919921875,122.41229248046875,114.9693603515625,Real
361.jpg,54.80560302734375,77.60626220703125,103.60076904296875,Real
158.jpg,92.9371337890625,110.865478515625,109.07000732421875,Real
755.jpg,51.35760498046875,48.76837158203125,43.4019775390625,Real
758.jpg,85.35552978515625,100.812744140625,100.379638671875,Real
69.jpg,64.61236572265625,87.842041015625,100.12158203125,Real
600.jpg,90.41455078125,109.079833984375,105.95831298828125,Real
638.jpg,147.3980712890625,142.132568359375,142.13568115234375,Real
217.jpg,47.64593505859375,75.15350341796875,99.36474609375,Real
536.jpg,100.37677001953125,97.4129638671875,95.12518310546875,Real
341.jpg,33.676513671875,31.6243896484375,27.53387451171875,Real
548.jpg,140.22845458984375,139.9964599609375,136.61199951171875,Real
422.jpg,100.6007080078125,108.66680908203125,109.26275634765625,Real
323.jpg,21.0833740234375,19.32562255859375,16.5762939453125,Real
307.jpg,99.67596435546875,103.23321533203125,101.0457763671875,Real
640.jpg,117.64544677734375,114.28521728515625,109.45684814453125,Real
655.jpg,96.41656494140625,101.77880859375,106.71099853515625,Real
776.jpg,105.7506103515625,101.7442626953125,98.0078125,Real
337.jpg,109.92919921875,122.482666015625,117.8809814453125,Real
880.jpg,104.03045654296875,102.4466552734375,88.95306396484375,Real
362.jpg,105.927978515625,100.92230224609375,94.90753173828125,Real
420.jpg,85.15380859375,83.800048828125,81.904541015625,Real
449.jpg,72.61981201171875,89.4896240234375,103.72491455078125,Real
224.jpg,74.73248291015625,92.1485595703125,112.41680908203125,Real
668.jpg,96.201171875,104.14129638671875,115.343994140625,Real
50.jpg,87.45977783203125,105.50506591796875,105.88299560546875,Real
817.jpg,91.91766357421875,104.707763671875,98.7353515625,Real
612.jpg,42.2410888671875,32.1995849609375,28.2855224609375,Real
562.jpg,114.70654296875,121.2822265625,116.2896728515625,Real
764.jpg,98.2686767578125,101.48748779296875,95.09716796875,Real
691.jpg,46.0540771484375,24.8763427734375,21.12310791015625,Real
131.jpg,100.215576171875,128.34686279296875,129.1610107421875,Real
251.jpg,109.93865966796875,125.0755615234375,121.1998291015625,Real
207.jpg,117.650634765625,140.45672607421875,137.02447509765625,Real
189.jpg,85.85235595703125,104.43701171875,108.32525634765625,Real
93.jpg,23.24029541015625,21.18121337890625,18.69940185546875,Real
247.jpg,79.30340576171875,93.17236328125,78.01397705078125,Real
89.jpg,27.68988037109375,22.29925537109375,19.541015625,Real
447.jpg,84.07269287109375,85.95501708984375,89.69696044921875,Real
388.jpg,92.80792236328125,107.39910888671875,106.6483154296875,Real
495.jpg,92.4483642578125,100.5357666015625,110.26043701171875,Real
312.jpg,98.29638671875,102.769287109375,105.52215576171875,Real
263.jpg,106.86151123046875,111.0428466796875,96.569091796875,Real
452.jpg,79.1956787109375,98.90887451171875,104.641357421875,Real
762.jpg,88.01556396484375,124.30303955078125,140.54266357421875,Real
871.jpg,92.6214599609375,92.2626953125,92.47784423828125,Real
409.jpg,94.8306884765625,110.764404296875,105.69305419921875,Real
269.jpg,78.5234375,61.36090087890625,49.29364013671875,Real
51.jpg,98.35565185546875,128.79925537109375,132.41619873046875,Real
752.jpg,23.1444091796875,20.66290283203125,18.9691162109375,Real
150.jpg,85.17236328125,90.23236083984375,96.72607421875,Real
357.jpg,19.4898681640625,17.55706787109375,15.01220703125,Real
281.jpg,93.43658447265625,131.4886474609375,143.3822021484375,Real
223.jpg,102.8311767578125,99.75933837890625,96.9876708984375,Real
592.jpg,99.0164794921875,108.49652099609375,122.55413818359375,Real
836.jpg,47.86773681640625,42.05572509765625,39.6658935546875,Real
345.jpg,82.52227783203125,92.63824462890625,105.99658203125,Real
401.jpg,118.67584228515625,121.365234375,123.58209228515625,Real
78.jpg,77.86932373046875,67.17022705078125,47.58575439453125,Real
621.jpg,91.37322998046875,104.53662109375,100.406494140625,Real
446.jpg,66.79278564453125,97.12445068359375,124.54034423828125,Real
348.jpg,44.74920654296875,36.7412109375,34.079833984375,Real
242.jpg,107.029296875,106.527099609375,101.61163330078125,Real
381.jpg,104.97442626953125,98.89794921875,96.5516357421875,Real
157.jpg,113.28839111328125,126.8333740234375,122.7625732421875,Real
376.jpg,87.7998046875,87.53753662109375,90.30853271484375,Real
821.jpg,92.36285400390625,109.72344970703125,112.3690185546875,Real
277.jpg,145.78643798828125,153.00482177734375,159.81732177734375,Real
176.jpg,93.19317626953125,92.31646728515625,95.5042724609375,Real
391.jpg,118.0955810546875,116.27813720703125,114.42779541015625,Real
565.jpg,86.3670654296875,103.50579833984375,129.89666748046875,Real
206.jpg,108.59796142578125,132.666259765625,130.66448974609375,Real
502.jpg,87.26385498046875,87.4969482421875,88.45733642578125,Real
841.jpg,53.751953125,77.87493896484375,87.46173095703125,Real
517.jpg,44.08062744140625,37.4820556640625,32.88525390625,Real
356.jpg,72.44342041015625,99.83355712890625,109.96148681640625,Real
408.jpg,86.1597900390625,85.8175048828125,88.54364013671875,Real
848.jpg,74.77337646484375,80.68499755859375,89.0511474609375,Real
322.jpg,34.0537109375,25.5374755859375,21.09759521484375,Real
879.jpg,81.5189208984375,83.25518798828125,84.04962158203125,Real
573.jpg,123.98455810546875,117.10491943359375,111.8162841796875,Real
746.jpg,60.1832275390625,43.6319580078125,39.8323974609375,Real
467.jpg,91.57659912109375,122.079833984375,133.1929931640625,Real
390.jpg,99.3577880859375,97.11517333984375,100.20654296875,Real
521.jpg,95.54693603515625,108.6846923828125,105.8314208984375,Real
328.jpg,88.67529296875,105.466064453125,108.9813232421875,Real
273.jpg,83.04974365234375,116.82354736328125,132.71319580078125,Real
500.jpg,87.20269775390625,79.2454833984375,72.29296875,Real
86.jpg,67.7623291015625,66.95440673828125,64.26788330078125,Real
874.jpg,67.64080810546875,107.7108154296875,134.34002685546875,Real
295.jpg,105.93524169921875,134.6436767578125,130.724609375,Real
84.jpg,94.6553955078125,120.74273681640625,130.72906494140625,Real
464.jpg,108.3507080078125,119.6185302734375,118.79254150390625,Real
199.jpg,125.90155029296875,125.02294921875,121.4722900390625,Real
653.jpg,105.19281005859375,123.6942138671875,120.83795166015625,Real
438.jpg,93.81591796875,106.96148681640625,98.44659423828125,Real
194.jpg,138.8128662109375,154.82733154296875,150.10540771484375,Real
570.jpg,98.11968994140625,118.64007568359375,115.03424072265625,Real
805.jpg,105.84869384765625,123.740966796875,119.10211181640625,Real
753.jpg,92.12701416015625,123.49359130859375,127.4384765625,Real
397.jpg,88.398681640625,88.2686767578125,92.43670654296875,Real
27.jpg,94.4652099609375,97.8165283203125,100.84075927734375,Real
774.jpg,110.27325439453125,129.08538818359375,123.952880859375,Real
114.jpg,35.37750244140625,30.65362548828125,26.37139892578125,Real
574.jpg,73.12030029296875,80.1859130859375,85.6695556640625,Real
444.jpg,68.80682373046875,58.7091064453125,55.68914794921875,Real
626.jpg,88.267578125,103.2197265625,93.34619140625,Real
813.jpg,112.8623046875,100.09405517578125,89.77984619140625,Real
850.jpg,143.45672607421875,162.23150634765625,165.10260009765625,Real
196.jpg,96.03607177734375,134.54315185546875,141.45098876953125,Real
734.jpg,83.065673828125,84.91796875,91.50848388671875,Real
202.jpg,75.47210693359375,103.0115966796875,124.84124755859375,Real
632.jpg,75.14727783203125,82.78192138671875,87.5106201171875,Real
8.jpg,103.58233642578125,87.5601806640625,90.1502685546875,Real
588.jpg,91.4234619140625,89.75927734375,88.0010986328125,Real
275.jpg,85.83135986328125,91.43438720703125,100.125244140625,Real
220.jpg,35.76483154296875,31.63470458984375,30.42376708984375,Real
493.jpg,104.94879150390625,105.1507568359375,100.640869140625,Real
149.jpg,128.93341064453125,151.37774658203125,153.79095458984375,Real
113.jpg,129.1236572265625,147.41680908203125,144.78326416015625,Real
846.jpg,37.67376708984375,30.02386474609375,26.05450439453125,Real
788.jpg,109.4686279296875,134.83349609375,137.4505615234375,Real
782.jpg,98.3499755859375,102.11358642578125,102.10003662109375,Real
349.jpg,11.50030517578125,9.90277099609375,6.59625244140625,Real
12.jpg,93.22491455078125,96.56976318359375,94.53240966796875,Real
428.jpg,62.76312255859375,73.586181640625,84.57818603515625,Real
488.jpg,37.6690673828125,33.88726806640625,32.15899658203125,Real
735.jpg,88.95159912109375,84.89825439453125,86.39556884765625,Real
856.jpg,78.072265625,75.54986572265625,73.35986328125,Real
809.jpg,31.14971923828125,24.49127197265625,17.77947998046875,Real
867.jpg,127.12054443359375,161.45098876953125,171.302734375,Real
681.jpg,101.9215087890625,99.2435302734375,98.5582275390625,Real
38.jpg,110.943115234375,122.7523193359375,113.8536376953125,Real
661.jpg,17.8492431640625,18.47784423828125,16.75360107421875,Real
499.jpg,76.7232666015625,88.49151611328125,103.4300537109375,Real
105.jpg,115.63262939453125,112.042724609375,109.0743408203125,Real
41.jpg,100.52825927734375,102.0289306640625,92.82568359375,Real
522.jpg,83.47088623046875,73.66046142578125,78.45416259765625,Real
779.jpg,77.1087646484375,95.73779296875,91.53375244140625,Real
492.jpg,123.4315185546875,137.7216796875,136.199462890625,Real
246.jpg,89.322509765625,115.57464599609375,143.5169677734375,Real
497.jpg,103.32122802734375,118.9432373046875,118.05462646484375,Real
244.jpg,91.39306640625,126.00811767578125,135.58966064453125,Real
87.jpg,87.68212890625,89.08258056640625,83.361572265625,Real
399.jpg,84.49603271484375,98.276611328125,95.03466796875,Real
380.jpg,89.96954345703125,93.879638671875,94.68310546875,Real
17.jpg,70.63018798828125,92.37725830078125,108.901123046875,Real
700.jpg,70.81256103515625,79.23004150390625,87.789794921875,Real
192.jpg,87.4886474609375,90.40576171875,93.61700439453125,Real
35.jpg,71.7286376953125,74.17388916015625,78.7315673828125,Real
75.jpg,103.1353759765625,99.0745849609375,97.50909423828125,Real
305.jpg,14.20819091796875,11.02496337890625,9.77142333984375,Real
31.jpg,75.75482177734375,110.09881591796875,127.41973876953125,Real
606.jpg,105.59124755859375,96.52728271484375,90.9862060546875,Real
683.jpg,79.55133056640625,81.559326171875,85.76495361328125,Real
498.jpg,108.94671630859375,129.83953857421875,141.8680419921875,Real
645.jpg,29.85516357421875,27.1346435546875,22.98358154296875,Real
427.jpg,77.1854248046875,82.18756103515625,93.6614990234375,Real
103.jpg,59.28271484375,63.4144287109375,71.89447021484375,Real
793.jpg,107.9931640625,128.8123779296875,128.28619384765625,Real
430.jpg,114.60577392578125,112.7113037109375,114.908935546875,Real
45.jpg,103.84405517578125,102.4281005859375,101.04400634765625,Real
367.jpg,88.95928955078125,90.6612548828125,89.54168701171875,Real
693.jpg,117.0650634765625,125.3753662109375,131.738037109375,Real
641.jpg,23.74127197265625,20.434814453125,15.29901123046875,Real
483.jpg,23.85894775390625,21.28955078125,18.875732421875,Real
99.jpg,101.907470703125,110.03704833984375,116.9891357421875,Real
623.jpg,124.8348388671875,132.59307861328125,128.34759521484375,Real
215.jpg,78.56011962890625,105.3128662109375,113.92913818359375,Real
283.jpg,84.4385986328125,92.55560302734375,104.10662841796875,Real
654.jpg,66.68426513671875,56.4842529296875,52.8072509765625,Real
463.jpg,70.83990478515625,87.2064208984375,90.29669189453125,Real
651.jpg,84.6292724609375,114.92254638671875,126.8157958984375,Real
743.jpg,93.7198486328125,91.67877197265625,90.26300048828125,Real
571.jpg,110.00213623046875,112.40655517578125,112.8785400390625,Real
837.jpg,101.74285888671875,107.1077880859375,106.07080078125,Real
23.jpg,94.481689453125,108.9810791015625,103.59307861328125,Real
76.jpg,114.052978515625,136.235595703125,133.9981689453125,Real
471.jpg,89.8795166015625,121.1663818359375,132.69049072265625,Real
343.jpg,113.671875,105.87200927734375,102.4219970703125,Real
900.jpg,73.683837890625,83.850341796875,101.70159912109375,Real
761.jpg,19.6514892578125,14.35638427734375,8.3883056640625,Real
862.jpg,102.36102294921875,111.5072021484375,112.42059326171875,Real
807.jpg,24.8768310546875,22.597412109375,20.61322021484375,Real
413.jpg,87.1268310546875,108.10211181640625,110.0828857421875,Real
187.jpg,39.40704345703125,31.64141845703125,25.65875244140625,Real
233.jpg,107.35150146484375,109.19903564453125,98.4710693359375,Real
692.jpg,107.30596923828125,109.3878173828125,104.11138916015625,Real
303.jpg,58.60455322265625,56.33984375,56.04132080078125,Real
265.jpg,97.6300048828125,115.313232421875,114.99163818359375,Real
2.jpg,122.55517578125,150.9560546875,157.14544677734375,Real
405.jpg,56.1943359375,43.1334228515625,32.80615234375,Real
58.jpg,104.11480712890625,97.35662841796875,96.04656982421875,Real
119.jpg,80.626220703125,93.28448486328125,107.86273193359375,Real
547.jpg,117.6910400390625,115.68292236328125,116.62158203125,Real
261.jpg,115.10565185546875,129.934814453125,124.70416259765625,Real
695.jpg,80.1119384765625,84.28564453125,92.14947509765625,Real
543.jpg,100.34808349609375,94.38177490234375,84.0831298828125,Real
185.jpg,141.3741455078125,167.076416015625,179.3736572265625,Real
780.jpg,101.0186767578125,108.154541015625,97.236572265625,Real
739.jpg,109.18865966796875,137.67205810546875,139.91900634765625,Real
14.jpg,96.352294921875,89.48236083984375,83.707275390625,Real
125.jpg,114.235107421875,125.6224365234375,122.0399169921875,Real
751.jpg,88.49896240234375,85.68670654296875,82.36785888671875,Real
766.jpg,77.26861572265625,74.92242431640625,81.296142578125,Real
773.jpg,85.2001953125,103.136474609375,97.47369384765625,Real
541.jpg,100.0794677734375,111.61199951171875,99.3958740234375,Real
276.jpg,127.58575439453125,135.34710693359375,127.20245361328125,Real
456.jpg,89.64007568359375,123.91632080078125,135.65924072265625,Real
166.jpg,114.69287109375,124.3358154296875,112.0433349609375,Real
557.jpg,82.02105712890625,111.6475830078125,129.27545166015625,Real
400.jpg,53.71856689453125,46.8182373046875,42.44415283203125,Real
327.jpg,74.62548828125,84.16693115234375,102.8834228515625,Real
329.jpg,57.13232421875,47.2064208984375,43.3214111328125,Real
582.jpg,67.4892578125,53.3624267578125,44.238037109375,Real
861.jpg,92.3919677734375,91.6461181640625,92.24835205078125,Real
525.jpg,90.84747314453125,119.61376953125,123.85919189453125,Real
607.jpg,128.00689697265625,137.16632080078125,148.9185791015625,Real
407.jpg,125.206787109375,122.38665771484375,117.7593994140625,Real
198.jpg,63.65924072265625,88.98651123046875,102.00567626953125,Real
425.jpg,81.4462890625,107.064453125,118.50823974609375,Real
64.jpg,70.91796875,71.72003173828125,71.83111572265625,Real
728.jpg,98.75201416015625,120.66552734375,113.482666015625,Real
528.jpg,76.47186279296875,67.9984130859375,65.53961181640625,Real
314.jpg,96.02178955078125,104.4227294921875,102.367919921875,Real
54.jpg,105.638671875,119.2127685546875,102.20928955078125,Real
47.jpg,68.9610595703125,85.146240234375,101.10546875,Real
232.jpg,91.146484375,94.56341552734375,101.91064453125,Real
201.jpg,103.87750244140625,136.09039306640625,142.8328857421875,Real
331.jpg,108.660400390625,124.69573974609375,117.191162109375,Real
382.jpg,85.98162841796875,111.3699951171875,111.08416748046875,Real
120.jpg,93.73358154296875,90.8846435546875,89.7542724609375,Real
831.jpg,77.85223388671875,100.79595947265625,120.4921875,Real
25.jpg,87.59881591796875,97.17791748046875,95.05377197265625,Real
365.jpg,81.05609130859375,93.5081787109375,89.63116455078125,Real
442.jpg,84.73858642578125,83.618896484375,84.01593017578125,Real
181.jpg,90.8582763671875,105.80694580078125,107.98175048828125,Real
70.jpg,119.35302734375,121.34149169921875,115.92718505859375,Real
800.jpg,36.51470947265625,29.0447998046875,27.6212158203125,Real
627.jpg,57.478759765625,43.733642578125,42.5416259765625,Real
71.jpg,96.8626708984375,123.138427734375,124.1138916015625,Real
142.jpg,35.35784912109375,26.562255859375,25.89501953125,Real
819.jpg,29.840576171875,27.84552001953125,23.75689697265625,Real
148.jpg,83.94281005859375,82.3275146484375,82.43231201171875,Real
717.jpg,68.73004150390625,97.9488525390625,108.306396484375,Real
569.jpg,74.23870849609375,90.10540771484375,95.11529541015625,Real
509.jpg,150.42987060546875,159.829833984375,151.51763916015625,Real
701.jpg,95.4853515625,109.20013427734375,98.3961181640625,Real
292.jpg,84.1268310546875,120.1373291015625,125.41015625,Real
254.jpg,90.24072265625,87.17730712890625,84.229248046875,Real
393.jpg,83.3035888671875,88.51171875,86.5262451171875,Real
713.jpg,18.224853515625,16.41107177734375,13.05841064453125,Real
568.jpg,46.35858154296875,39.54156494140625,34.0135498046875,Real
699.jpg,95.07965087890625,116.886962890625,112.24755859375,Real
575.jpg,77.30853271484375,82.3782958984375,93.677734375,Real
778.jpg,79.5650634765625,78.1114501953125,76.77716064453125,Real
589.jpg,90.2626953125,107.42645263671875,104.55328369140625,Real
726.jpg,51.72161865234375,78.3642578125,93.21832275390625,Real
3.jpg,85.7320556640625,85.8907470703125,89.0247802734375,Real
34.jpg,78.5704345703125,80.6285400390625,89.13043212890625,Real
866.jpg,79.9647216796875,66.6046142578125,61.02191162109375,Real
325.jpg,117.2352294921875,114.43914794921875,112.1697998046875,Real
608.jpg,78.06280517578125,119.482666015625,152.26519775390625,Real
585.jpg,49.67529296875,62.66796875,74.0050048828125,Real
375.jpg,83.23211669921875,80.57196044921875,80.34503173828125,Real
219.jpg,101.52197265625,135.63897705078125,147.31597900390625,Real
117.jpg,79.63140869140625,81.16693115234375,84.60107421875,Real
145.jpg,84.322998046875,100.2056884765625,99.75994873046875,Real
580.jpg,70.582763671875,93.35302734375,109.6937255859375,Real
601.jpg,120.1649169921875,119.99542236328125,121.82708740234375,Real
870.jpg,91.7896728515625,87.79180908203125,86.02215576171875,Real
765.jpg,76.770263671875,87.2125244140625,89.3487548828125,Real
392.jpg,22.0836181640625,18.81121826171875,15.69873046875,Real
838.jpg,98.511962890625,120.16265869140625,114.2916259765625,Real
702.jpg,94.58648681640625,105.35845947265625,106.7943115234375,Real
572.jpg,113.009765625,112.6790771484375,110.59588623046875,Real
474.jpg,91.175537109375,124.70458984375,137.55352783203125,Real
208.jpg,91.4368896484375,117.01910400390625,121.871337890625,Real
354.jpg,100.808349609375,142.82525634765625,159.9263916015625,Real
551.jpg,111.68304443359375,116.68878173828125,109.1302490234375,Real
503.jpg,93.81439208984375,111.602783203125,99.13983154296875,Real
705.jpg,111.41552734375,109.37542724609375,106.7296142578125,Real
587.jpg,138.22088623046875,138.09228515625,135.40692138671875,Real
222.jpg,89.29266357421875,131.17059326171875,145.61419677734375,Real
794.jpg,97.3707275390625,134.42303466796875,148.76885986328125,Real
416.jpg,97.54400634765625,108.6162109375,97.4974365234375,Real
703.jpg,117.8782958984375,133.3570556640625,130.83404541015625,Real
818.jpg,87.54632568359375,88.84759521484375,92.71728515625,Real
92.jpg,108.0118408203125,136.7095947265625,139.791259765625,Real
732.jpg,90.2552490234375,98.7772216796875,94.4688720703125,Real
161.jpg,93.509521484375,134.09222412109375,138.93328857421875,Real
77.jpg,99.051513671875,110.28204345703125,113.06689453125,Real
894.jpg,15.5145263671875,19.34490966796875,14.69586181640625,Real
529.jpg,82.28912353515625,82.57855224609375,79.5367431640625,Real
28.jpg,100.17498779296875,107.283935546875,107.16363525390625,Real
29.jpg,38.90423583984375,28.04852294921875,18.61956787109375,Real
704.jpg,99.04437255859375,132.935791015625,148.031982421875,Real
364.jpg,86.1624755859375,84.79888916015625,84.740478515625,Real
512.jpg,83.504150390625,95.921630859375,106.19134521484375,Real
56.jpg,105.9176025390625,109.1826171875,113.05389404296875,Real
530.jpg,89.8853759765625,96.13726806640625,103.96148681640625,Real
711.jpg,61.84625244140625,64.22308349609375,69.911865234375,Real
729.jpg,90.5079345703125,117.7415771484375,109.63763427734375,Real
605.jpg,73.360595703125,73.4425048828125,76.4033203125,Real
646.jpg,102.63189697265625,101.08721923828125,100.628662109375,Real
259.jpg,100.38519287109375,102.39288330078125,102.60809326171875,Real
411.jpg,78.87554931640625,79.4500732421875,82.310302734375,Real
230.jpg,94.5882568359375,121.17919921875,119.61981201171875,Real
858.jpg,81.00006103515625,100.6424560546875,103.1719970703125,Real
355.jpg,51.7083740234375,46.873046875,42.36224365234375,Real
465.jpg,59.07293701171875,87.71142578125,102.6162109375,Real
431.jpg,23.67132568359375,15.16912841796875,8.73101806640625,Real
830.jpg,33.74090576171875,26.6756591796875,21.8736572265625,Real
624.jpg,91.0631103515625,109.31787109375,107.0206298828125,Real
403.jpg,17.8292236328125,14.019287109375,12.05072021484375,Real
221.jpg,87.77545166015625,83.2022705078125,80.94232177734375,Real
282.jpg,43.83258056640625,65.9512939453125,79.564697265625,Real
462.jpg,110.47625732421875,134.58831787109375,133.5853271484375,Real
789.jpg,90.0369873046875,112.6353759765625,121.42169189453125,Real
236.jpg,110.476318359375,106.6395263671875,103.0350341796875,Real
552.jpg,107.116943359375,110.775146484375,96.38104248046875,Real
803.jpg,89.01690673828125,92.28326416015625,99.52520751953125,Real
855.jpg,105.47650146484375,99.93048095703125,99.5858154296875,Real
885.jpg,67.09820556640625,71.026123046875,77.51806640625,Real
140.jpg,115.9378662109375,111.27081298828125,106.319580078125,Real
318.jpg,90.08245849609375,109.226806640625,105.38629150390625,Real
815.jpg,41.92718505859375,40.86407470703125,36.41790771484375,Real
294.jpg,90.72442626953125,142.11297607421875,163.5958251953125,Real
797.jpg,112.35321044921875,107.56488037109375,102.5498046875,Real
410.jpg,29.71923828125,22.8094482421875,19.3997802734375,Real
290.jpg,72.99609375,92.3145751953125,93.8236083984375,Real
667.jpg,12.9307861328125,11.76385498046875,9.67486572265625,Real
366.jpg,85.12091064453125,85.0184326171875,87.50823974609375,Real
685.jpg,114.1544189453125,133.43548583984375,137.12066650390625,Real
280.jpg,103.8868408203125,122.62945556640625,116.2210693359375,Real
795.jpg,17.18896484375,14.596923828125,12.22369384765625,Real
313.jpg,110.2705078125,107.15533447265625,106.46551513671875,Real
859.jpg,77.958984375,79.7001953125,77.52783203125,Real
386.jpg,92.410888671875,94.61810302734375,91.31671142578125,Real
272.jpg,87.0982666015625,134.750732421875,166.33258056640625,Real
118.jpg,115.9432373046875,122.12274169921875,118.59954833984375,Real
798.jpg,92.55279541015625,114.071044921875,118.80609130859375,Real
869.jpg,135.17120361328125,155.13665771484375,152.24945068359375,Real
255.jpg,83.75567626953125,98.760498046875,119.7132568359375,Real
96.jpg,85.981201171875,113.12103271484375,118.196533203125,Real
519.jpg,107.6783447265625,105.94378662109375,104.180419921875,Real
484.jpg,91.060302734375,95.57440185546875,104.48052978515625,Real
745.jpg,80.80328369140625,85.373291015625,90.2677001953125,Real
822.jpg,91.96966552734375,106.4803466796875,110.05035400390625,Real
617.jpg,101.13916015625,120.63580322265625,118.81719970703125,Real
197.jpg,90.49755859375,92.50994873046875,92.17327880859375,Real
421.jpg,72.93780517578125,83.1912841796875,96.4029541015625,Real
630.jpg,113.95672607421875,150.21337890625,162.2867431640625,Real
675.jpg,99.87774658203125,96.4267578125,102.43597412109375,Real
429.jpg,102.6683349609375,105.5595703125,99.5465087890625,Real
491.jpg,64.5660400390625,65.7447509765625,68.823486328125,Real
437.jpg,80.12091064453125,93.0694580078125,112.4874267578125,Real
524.jpg,102.69476318359375,119.47369384765625,114.55072021484375,Real
716.jpg,43.44158935546875,35.72137451171875,32.854248046875,Real
132.jpg,78.10455322265625,73.76922607421875,73.00115966796875,Real
828.jpg,79.7406005859375,98.6826171875,99.847900390625,Real
260.jpg,124.36712646484375,141.45233154296875,143.7215576171875,Real
186.jpg,85.5390625,95.7830810546875,94.84539794921875,Real
738.jpg,62.28192138671875,92.6998291015625,127.41473388671875,Real
857.jpg,79.48248291015625,79.6322021484375,80.63250732421875,Real
301.jpg,83.22821044921875,103.322998046875,107.21759033203125,Real
258.jpg,109.1033935546875,124.13616943359375,112.85626220703125,Real
839.jpg,103.8363037109375,103.85162353515625,101.03350830078125,Real
443.jpg,109.96923828125,139.817138671875,146.052001953125,Real
835.jpg,101.5677490234375,100.16998291015625,99.64056396484375,Real
712.jpg,102.6253662109375,98.96844482421875,96.7650146484375,Real
268.jpg,79.0909423828125,92.1864013671875,97.4945068359375,Real
534.jpg,18.22381591796875,16.4708251953125,13.13818359375,Real
26.jpg,88.6004638671875,94.27911376953125,101.40496826171875,Real
579.jpg,105.91485595703125,100.8680419921875,96.73602294921875,Real
540.jpg,104.516357421875,105.82513427734375,109.3533935546875,Real
373.jpg,85.8106689453125,92.47186279296875,86.42730712890625,Real
560.jpg,101.0460205078125,102.97906494140625,95.5213623046875,Real
637.jpg,38.59161376953125,33.15106201171875,28.7725830078125,Real
833.jpg,75.82513427734375,88.9722900390625,88.19720458984375,Real
60.jpg,106.23028564453125,102.75048828125,99.68756103515625,Real
486.jpg,84.055419921875,111.47857666015625,122.51611328125,Real
174.jpg,20.77789306640625,13.35821533203125,3.6824951171875,Real
771.jpg,123.6510009765625,121.72210693359375,115.80084228515625,Real
66.jpg,98.44049072265625,114.96368408203125,110.96649169921875,Real
844.jpg,96.572021484375,124.9873046875,133.5181884765625,Real
777.jpg,112.09661865234375,123.130859375,118.06378173828125,Real
177.jpg,92.16436767578125,121.9342041015625,127.74334716796875,Real
436.jpg,131.06182861328125,148.45867919921875,142.77685546875,Real
16.jpg,107.067626953125,111.65545654296875,113.1795654296875,Real
245.jpg,106.3402099609375,118.94769287109375,112.3421630859375,Real
214.jpg,81.34027099609375,106.12261962890625,100.31903076171875,Real
476.jpg,78.8157958984375,88.77349853515625,95.583251953125,Real
834.jpg,96.1959228515625,117.1324462890625,111.23590087890625,Real
868.jpg,74.8702392578125,80.49603271484375,87.787841796875,Real
810.jpg,104.06451416015625,102.9027099609375,100.88543701171875,Real
652.jpg,15.48284912109375,14.204345703125,10.4224853515625,Real
184.jpg,126.0255126953125,149.88494873046875,155.4879150390625,Real
106.jpg,104.84417724609375,123.05743408203125,119.98516845703125,Real
887.jpg,87.60748291015625,84.38818359375,80.8375244140625,Real
553.jpg,78.78570556640625,83.74090576171875,93.591064453125,Real
346.jpg,82.94549560546875,81.0380859375,87.10919189453125,Real
374.jpg,108.291259765625,143.60223388671875,152.7269287109375,Real
796.jpg,88.35894775390625,110.06768798828125,113.8450927734375,Real
172.jpg,87.2742919921875,111.56982421875,117.8369140625,Real
370.jpg,132.1492919921875,122.41229248046875,114.9693603515625,Real
361.jpg,54.80560302734375,77.60626220703125,103.60076904296875,Real
158.jpg,92.9371337890625,110.865478515625,109.07000732421875,Real
755.jpg,51.35760498046875,48.76837158203125,43.4019775390625,Real
758.jpg,85.35552978515625,100.812744140625,100.379638671875,Real
69.jpg,64.61236572265625,87.842041015625,100.12158203125,Real
600.jpg,90.41455078125,109.079833984375,105.95831298828125,Real
638.jpg,147.3980712890625,142.132568359375,142.13568115234375,Real
217.jpg,47.64593505859375,75.15350341796875,99.36474609375,Real
536.jpg,100.37677001953125,97.4129638671875,95.12518310546875,Real
341.jpg,33.676513671875,31.6243896484375,27.53387451171875,Real
548.jpg,140.22845458984375,139.9964599609375,136.61199951171875,Real
422.jpg,100.6007080078125,108.66680908203125,109.26275634765625,Real
323.jpg,21.0833740234375,19.32562255859375,16.5762939453125,Real
307.jpg,99.67596435546875,103.23321533203125,101.0457763671875,Real
640.jpg,117.64544677734375,114.28521728515625,109.45684814453125,Real
655.jpg,96.41656494140625,101.77880859375,106.71099853515625,Real
776.jpg,105.7506103515625,101.7442626953125,98.0078125,Real
337.jpg,109.92919921875,122.482666015625,117.8809814453125,Real
880.jpg,104.03045654296875,102.4466552734375,88.95306396484375,Real
362.jpg,105.927978515625,100.92230224609375,94.90753173828125,Real
420.jpg,85.15380859375,83.800048828125,81.904541015625,Real
449.jpg,72.61981201171875,89.4896240234375,103.72491455078125,Real
224.jpg,74.73248291015625,92.1485595703125,112.41680908203125,Real
668.jpg,96.201171875,104.14129638671875,115.343994140625,Real
50.jpg,87.45977783203125,105.50506591796875,105.88299560546875,Real
817.jpg,91.91766357421875,104.707763671875,98.7353515625,Real
612.jpg,42.2410888671875,32.1995849609375,28.2855224609375,Real
562.jpg,114.70654296875,121.2822265625,116.2896728515625,Real
764.jpg,98.2686767578125,101.48748779296875,95.09716796875,Real
691.jpg,46.0540771484375,24.8763427734375,21.12310791015625,Real
131.jpg,100.215576171875,128.34686279296875,129.1610107421875,Real
251.jpg,109.93865966796875,125.0755615234375,121.1998291015625,Real
207.jpg,117.650634765625,140.45672607421875,137.02447509765625,Real
189.jpg,85.85235595703125,104.43701171875,108.32525634765625,Real
93.jpg,23.24029541015625,21.18121337890625,18.69940185546875,Real
247.jpg,79.30340576171875,93.17236328125,78.01397705078125,Real
89.jpg,27.68988037109375,22.29925537109375,19.541015625,Real
447.jpg,84.07269287109375,85.95501708984375,89.69696044921875,Real
388.jpg,92.80792236328125,107.39910888671875,106.6483154296875,Real
495.jpg,92.4483642578125,100.5357666015625,110.26043701171875,Real
312.jpg,98.29638671875,102.769287109375,105.52215576171875,Real
263.jpg,106.86151123046875,111.0428466796875,96.569091796875,Real
452.jpg,79.1956787109375,98.90887451171875,104.641357421875,Real
762.jpg,88.01556396484375,124.30303955078125,140.54266357421875,Real
871.jpg,92.6214599609375,92.2626953125,92.47784423828125,Real
409.jpg,94.8306884765625,110.764404296875,105.69305419921875,Real
269.jpg,78.5234375,61.36090087890625,49.29364013671875,Real
51.jpg,98.35565185546875,128.79925537109375,132.41619873046875,Real
752.jpg,23.1444091796875,20.66290283203125,18.9691162109375,Real
150.jpg,85.17236328125,90.23236083984375,96.72607421875,Real
357.jpg,19.4898681640625,17.55706787109375,15.01220703125,Real
281.jpg,93.43658447265625,131.4886474609375,143.3822021484375,Real
223.jpg,102.8311767578125,99.75933837890625,96.9876708984375,Real
592.jpg,99.0164794921875,108.49652099609375,122.55413818359375,Real
836.jpg,47.86773681640625,42.05572509765625,39.6658935546875,Real
345.jpg,82.52227783203125,92.63824462890625,105.99658203125,Real
401.jpg,118.67584228515625,121.365234375,123.58209228515625,Real
78.jpg,77.86932373046875,67.17022705078125,47.58575439453125,Real
621.jpg,91.37322998046875,104.53662109375,100.406494140625,Real
446.jpg,66.79278564453125,97.12445068359375,124.54034423828125,Real
348.jpg,44.74920654296875,36.7412109375,34.079833984375,Real
242.jpg,107.029296875,106.527099609375,101.61163330078125,Real
381.jpg,104.97442626953125,98.89794921875,96.5516357421875,Real
157.jpg,113.28839111328125,126.8333740234375,122.7625732421875,Real
376.jpg,87.7998046875,87.53753662109375,90.30853271484375,Real
821.jpg,92.36285400390625,109.72344970703125,112.3690185546875,Real
277.jpg,145.78643798828125,153.00482177734375,159.81732177734375,Real
176.jpg,93.19317626953125,92.31646728515625,95.5042724609375,Real
391.jpg,118.0955810546875,116.27813720703125,114.42779541015625,Real
565.jpg,86.3670654296875,103.50579833984375,129.89666748046875,Real
206.jpg,108.59796142578125,132.666259765625,130.66448974609375,Real
502.jpg,87.26385498046875,87.4969482421875,88.45733642578125,Real
841.jpg,53.751953125,77.87493896484375,87.46173095703125,Real
517.jpg,44.08062744140625,37.4820556640625,32.88525390625,Real
356.jpg,72.44342041015625,99.83355712890625,109.96148681640625,Real
408.jpg,86.1597900390625,85.8175048828125,88.54364013671875,Real
848.jpg,74.77337646484375,80.68499755859375,89.0511474609375,Real
322.jpg,34.0537109375,25.5374755859375,21.09759521484375,Real
879.jpg,81.5189208984375,83.25518798828125,84.04962158203125,Real
573.jpg,123.98455810546875,117.10491943359375,111.8162841796875,Real
746.jpg,60.1832275390625,43.6319580078125,39.8323974609375,Real
467.jpg,91.57659912109375,122.079833984375,133.1929931640625,Real
390.jpg,99.3577880859375,97.11517333984375,100.20654296875,Real
521.jpg,95.54693603515625,108.6846923828125,105.8314208984375,Real
328.jpg,88.67529296875,105.466064453125,108.9813232421875,Real
273.jpg,83.04974365234375,116.82354736328125,132.71319580078125,Real
500.jpg,87.20269775390625,79.2454833984375,72.29296875,Real
86.jpg,67.7623291015625,66.95440673828125,64.26788330078125,Real
874.jpg,67.64080810546875,107.7108154296875,134.34002685546875,Real
295.jpg,105.93524169921875,134.6436767578125,130.724609375,Real
84.jpg,94.6553955078125,120.74273681640625,130.72906494140625,Real
464.jpg,108.3507080078125,119.6185302734375,118.79254150390625,Real
199.jpg,125.90155029296875,125.02294921875,121.4722900390625,Real
653.jpg,105.19281005859375,123.6942138671875,120.83795166015625,Real
438.jpg,93.81591796875,106.96148681640625,98.44659423828125,Real
194.jpg,138.8128662109375,154.82733154296875,150.10540771484375,Real
570.jpg,98.11968994140625,118.64007568359375,115.03424072265625,Real
805.jpg,105.84869384765625,123.740966796875,119.10211181640625,Real
753.jpg,92.12701416015625,123.49359130859375,127.4384765625,Real
397.jpg,88.398681640625,88.2686767578125,92.43670654296875,Real
27.jpg,94.4652099609375,97.8165283203125,100.84075927734375,Real
774.jpg,110.27325439453125,129.08538818359375,123.952880859375,Real
114.jpg,35.37750244140625,30.65362548828125,26.37139892578125,Real
574.jpg,73.12030029296875,80.1859130859375,85.6695556640625,Real
444.jpg,68.80682373046875,58.7091064453125,55.68914794921875,Real
626.jpg,88.267578125,103.2197265625,93.34619140625,Real
813.jpg,112.8623046875,100.09405517578125,89.77984619140625,Real
850.jpg,143.45672607421875,162.23150634765625,165.10260009765625,Real
196.jpg,96.03607177734375,134.54315185546875,141.45098876953125,Real
734.jpg,83.065673828125,84.91796875,91.50848388671875,Real
202.jpg,75.47210693359375,103.0115966796875,124.84124755859375,Real
632.jpg,75.14727783203125,82.78192138671875,87.5106201171875,Real
8.jpg,103.58233642578125,87.5601806640625,90.1502685546875,Real
588.jpg,91.4234619140625,89.75927734375,88.0010986328125,Real
275.jpg,85.83135986328125,91.43438720703125,100.125244140625,Real
220.jpg,35.76483154296875,31.63470458984375,30.42376708984375,Real
493.jpg,104.94879150390625,105.1507568359375,100.640869140625,Real
149.jpg,128.93341064453125,151.37774658203125,153.79095458984375,Real
113.jpg,129.1236572265625,147.41680908203125,144.78326416015625,Real
846.jpg,37.67376708984375,30.02386474609375,26.05450439453125,Real
788.jpg,109.4686279296875,134.83349609375,137.4505615234375,Real
782.jpg,98.3499755859375,102.11358642578125,102.10003662109375,Real
349.jpg,11.50030517578125,9.90277099609375,6.59625244140625,Real
12.jpg,93.22491455078125,96.56976318359375,94.53240966796875,Real
428.jpg,62.76312255859375,73.586181640625,84.57818603515625,Real
488.jpg,37.6690673828125,33.88726806640625,32.15899658203125,Real
735.jpg,88.95159912109375,84.89825439453125,86.39556884765625,Real
856.jpg,78.072265625,75.54986572265625,73.35986328125,Real
809.jpg,31.14971923828125,24.49127197265625,17.77947998046875,Real
867.jpg,127.12054443359375,161.45098876953125,171.302734375,Real
681.jpg,101.9215087890625,99.2435302734375,98.5582275390625,Real
38.jpg,110.943115234375,122.7523193359375,113.8536376953125,Real
661.jpg,17.8492431640625,18.47784423828125,16.75360107421875,Real
499.jpg,76.7232666015625,88.49151611328125,103.4300537109375,Real
105.jpg,115.63262939453125,112.042724609375,109.0743408203125,Real
41.jpg,100.52825927734375,102.0289306640625,92.82568359375,Real
522.jpg,83.47088623046875,73.66046142578125,78.45416259765625,Real
779.jpg,77.1087646484375,95.73779296875,91.53375244140625,Real
492.jpg,123.4315185546875,137.7216796875,136.199462890625,Real
246.jpg,89.322509765625,115.57464599609375,143.5169677734375,Real
497.jpg,103.32122802734375,118.9432373046875,118.05462646484375,Real
244.jpg,91.39306640625,126.00811767578125,135.58966064453125,Real
87.jpg,87.68212890625,89.08258056640625,83.361572265625,Real
399.jpg,84.49603271484375,98.276611328125,95.03466796875,Real
380.jpg,89.96954345703125,93.879638671875,94.68310546875,Real
17.jpg,70.63018798828125,92.37725830078125,108.901123046875,Real
700.jpg,70.81256103515625,79.23004150390625,87.789794921875,Real
192.jpg,87.4886474609375,90.40576171875,93.61700439453125,Real
35.jpg,71.7286376953125,74.17388916015625,78.7315673828125,Real
75.jpg,103.1353759765625,99.0745849609375,97.50909423828125,Real
305.jpg,14.20819091796875,11.02496337890625,9.77142333984375,Real
31.jpg,75.75482177734375,110.09881591796875,127.41973876953125,Real
606.jpg,105.59124755859375,96.52728271484375,90.9862060546875,Real
683.jpg,79.55133056640625,81.559326171875,85.76495361328125,Real
498.jpg,108.94671630859375,129.83953857421875,141.8680419921875,Real
645.jpg,29.85516357421875,27.1346435546875,22.98358154296875,Real
427.jpg,77.1854248046875,82.18756103515625,93.6614990234375,Real
103.jpg,59.28271484375,63.4144287109375,71.89447021484375,Real
793.jpg,107.9931640625,128.8123779296875,128.28619384765625,Real
430.jpg,114.60577392578125,112.7113037109375,114.908935546875,Real
45.jpg,103.84405517578125,102.4281005859375,101.04400634765625,Real
367.jpg,88.95928955078125,90.6612548828125,89.54168701171875,Real
693.jpg,117.0650634765625,125.3753662109375,131.738037109375,Real
641.jpg,23.74127197265625,20.434814453125,15.29901123046875,Real
483.jpg,23.85894775390625,21.28955078125,18.875732421875,Real
99.jpg,101.907470703125,110.03704833984375,116.9891357421875,Real
623.jpg,124.8348388671875,132.59307861328125,128.34759521484375,Real
215.jpg,78.56011962890625,105.3128662109375,113.92913818359375,Real
283.jpg,84.4385986328125,92.55560302734375,104.10662841796875,Real
654.jpg,66.68426513671875,56.4842529296875,52.8072509765625,Real
463.jpg,70.83990478515625,87.2064208984375,90.29669189453125,Real
651.jpg,84.6292724609375,114.92254638671875,126.8157958984375,Real
743.jpg,93.7198486328125,91.67877197265625,90.26300048828125,Real
571.jpg,110.00213623046875,112.40655517578125,112.8785400390625,Real
837.jpg,101.74285888671875,107.1077880859375,106.07080078125,Real
23.jpg,94.481689453125,108.9810791015625,103.59307861328125,Real
76.jpg,114.052978515625,136.235595703125,133.9981689453125,Real
471.jpg,89.8795166015625,121.1663818359375,132.69049072265625,Real
343.jpg,113.671875,105.87200927734375,102.4219970703125,Real
900.jpg,73.683837890625,83.850341796875,101.70159912109375,Real
761.jpg,19.6514892578125,14.35638427734375,8.3883056640625,Real
862.jpg,102.36102294921875,111.5072021484375,112.42059326171875,Real
807.jpg,24.8768310546875,22.597412109375,20.61322021484375,Real
413.jpg,87.1268310546875,108.10211181640625,110.0828857421875,Real
187.jpg,39.40704345703125,31.64141845703125,25.65875244140625,Real
233.jpg,107.35150146484375,109.19903564453125,98.4710693359375,Real
692.jpg,107.30596923828125,109.3878173828125,104.11138916015625,Real
303.jpg,58.60455322265625,56.33984375,56.04132080078125,Real
265.jpg,97.6300048828125,115.313232421875,114.99163818359375,Real
2.jpg,122.55517578125,150.9560546875,157.14544677734375,Real
405.jpg,56.1943359375,43.1334228515625,32.80615234375,Real
58.jpg,104.11480712890625,97.35662841796875,96.04656982421875,Real
119.jpg,80.626220703125,93.28448486328125,107.86273193359375,Real
547.jpg,117.6910400390625,115.68292236328125,116.62158203125,Real
261.jpg,115.10565185546875,129.934814453125,124.70416259765625,Real
695.jpg,80.1119384765625,84.28564453125,92.14947509765625,Real
543.jpg,100.34808349609375,94.38177490234375,84.0831298828125,Real
185.jpg,141.3741455078125,167.076416015625,179.3736572265625,Real
780.jpg,101.0186767578125,108.154541015625,97.236572265625,Real
739.jpg,109.18865966796875,137.67205810546875,139.91900634765625,Real
14.jpg,96.352294921875,89.48236083984375,83.707275390625,Real
125.jpg,114.235107421875,125.6224365234375,122.0399169921875,Real
751.jpg,88.49896240234375,85.68670654296875,82.36785888671875,Real
766.jpg,77.26861572265625,74.92242431640625,81.296142578125,Real
773.jpg,85.2001953125,103.136474609375,97.47369384765625,Real
541.jpg,100.0794677734375,111.61199951171875,99.3958740234375,Real
276.jpg,127.58575439453125,135.34710693359375,127.20245361328125,Real
456.jpg,89.64007568359375,123.91632080078125,135.65924072265625,Real
166.jpg,114.69287109375,124.3358154296875,112.0433349609375,Real
557.jpg,82.02105712890625,111.6475830078125,129.27545166015625,Real
400.jpg,53.71856689453125,46.8182373046875,42.44415283203125,Real
327.jpg,74.62548828125,84.16693115234375,102.8834228515625,Real
329.jpg,57.13232421875,47.2064208984375,43.3214111328125,Real
582.jpg,67.4892578125,53.3624267578125,44.238037109375,Real
861.jpg,92.3919677734375,91.6461181640625,92.24835205078125,Real
525.jpg,90.84747314453125,119.61376953125,123.85919189453125,Real
607.jpg,128.00689697265625,137.16632080078125,148.9185791015625,Real
407.jpg,125.206787109375,122.38665771484375,117.7593994140625,Real
198.jpg,63.65924072265625,88.98651123046875,102.00567626953125,Real
425.jpg,81.4462890625,107.064453125,118.50823974609375,Real
64.jpg,70.91796875,71.72003173828125,71.83111572265625,Real
728.jpg,98.75201416015625,120.66552734375,113.482666015625,Real
528.jpg,76.47186279296875,67.9984130859375,65.53961181640625,Real
314.jpg,96.02178955078125,104.4227294921875,102.367919921875,Real
54.jpg,105.638671875,119.2127685546875,102.20928955078125,Real
47.jpg,68.9610595703125,85.146240234375,101.10546875,Real
232.jpg,91.146484375,94.56341552734375,101.91064453125,Real
201.jpg,103.87750244140625,136.09039306640625,142.8328857421875,Real
331.jpg,108.660400390625,124.69573974609375,117.191162109375,Real
382.jpg,85.98162841796875,111.3699951171875,111.08416748046875,Real
120.jpg,93.73358154296875,90.8846435546875,89.7542724609375,Real
831.jpg,77.85223388671875,100.79595947265625,120.4921875,Real
25.jpg,87.59881591796875,97.17791748046875,95.05377197265625,Real
365.jpg,81.05609130859375,93.5081787109375,89.63116455078125,Real
442.jpg,84.73858642578125,83.618896484375,84.01593017578125,Real
181.jpg,90.8582763671875,105.80694580078125,107.98175048828125,Real
70.jpg,119.35302734375,121.34149169921875,115.92718505859375,Real
800.jpg,36.51470947265625,29.0447998046875,27.6212158203125,Real
627.jpg,57.478759765625,43.733642578125,42.5416259765625,Real
71.jpg,96.8626708984375,123.138427734375,124.1138916015625,Real
142.jpg,35.35784912109375,26.562255859375,25.89501953125,Real
819.jpg,29.840576171875,27.84552001953125,23.75689697265625,Real
148.jpg,83.94281005859375,82.3275146484375,82.43231201171875,Real
717.jpg,68.73004150390625,97.9488525390625,108.306396484375,Real
569.jpg,74.23870849609375,90.10540771484375,95.11529541015625,Real
509.jpg,150.42987060546875,159.829833984375,151.51763916015625,Real
701.jpg,95.4853515625,109.20013427734375,98.3961181640625,Real
292.jpg,84.1268310546875,120.1373291015625,125.41015625,Real
254.jpg,90.24072265625,87.17730712890625,84.229248046875,Real
393.jpg,83.3035888671875,88.51171875,86.5262451171875,Real
713.jpg,18.224853515625,16.41107177734375,13.05841064453125,Real
568.jpg,46.35858154296875,39.54156494140625,34.0135498046875,Real
699.jpg,95.07965087890625,116.886962890625,112.24755859375,Real
575.jpg,77.30853271484375,82.3782958984375,93.677734375,Real
778.jpg,79.5650634765625,78.1114501953125,76.77716064453125,Real
589.jpg,90.2626953125,107.42645263671875,104.55328369140625,Real
726.jpg,51.72161865234375,78.3642578125,93.21832275390625,Real
3.jpg,85.7320556640625,85.8907470703125,89.0247802734375,Real
34.jpg,78.5704345703125,80.6285400390625,89.13043212890625,Real
866.jpg,79.9647216796875,66.6046142578125,61.02191162109375,Real
325.jpg,117.2352294921875,114.43914794921875,112.1697998046875,Real
608.jpg,78.06280517578125,119.482666015625,152.26519775390625,Real
585.jpg,49.67529296875,62.66796875,74.0050048828125,Real
375.jpg,83.23211669921875,80.57196044921875,80.34503173828125,Real
219.jpg,101.52197265625,135.63897705078125,147.31597900390625,Real
117.jpg,79.63140869140625,81.16693115234375,84.60107421875,Real
145.jpg,84.322998046875,100.2056884765625,99.75994873046875,Real
580.jpg,70.582763671875,93.35302734375,109.6937255859375,Real
601.jpg,120.1649169921875,119.99542236328125,121.82708740234375,Real
870.jpg,91.7896728515625,87.79180908203125,86.02215576171875,Real
765.jpg,76.770263671875,87.2125244140625,89.3487548828125,Real
392.jpg,22.0836181640625,18.81121826171875,15.69873046875,Real
838.jpg,98.511962890625,120.16265869140625,114.2916259765625,Real
702.jpg,94.58648681640625,105.35845947265625,106.7943115234375,Real
572.jpg,113.009765625,112.6790771484375,110.59588623046875,Real
474.jpg,91.175537109375,124.70458984375,137.55352783203125,Real
208.jpg,91.4368896484375,117.01910400390625,121.871337890625,Real
354.jpg,100.808349609375,142.82525634765625,159.9263916015625,Real
551.jpg,111.68304443359375,116.68878173828125,109.1302490234375,Real
503.jpg,93.81439208984375,111.602783203125,99.13983154296875,Real
705.jpg,111.41552734375,109.37542724609375,106.7296142578125,Real
587.jpg,138.22088623046875,138.09228515625,135.40692138671875,Real
222.jpg,89.29266357421875,131.17059326171875,145.61419677734375,Real
794.jpg,97.3707275390625,134.42303466796875,148.76885986328125,Real
416.jpg,97.54400634765625,108.6162109375,97.4974365234375,Real
703.jpg,117.8782958984375,133.3570556640625,130.83404541015625,Real
818.jpg,87.54632568359375,88.84759521484375,92.71728515625,Real
92.jpg,108.0118408203125,136.7095947265625,139.791259765625,Real
732.jpg,90.2552490234375,98.7772216796875,94.4688720703125,Real
161.jpg,93.509521484375,134.09222412109375,138.93328857421875,Real
77.jpg,99.051513671875,110.28204345703125,113.06689453125,Real
894.jpg,15.5145263671875,19.34490966796875,14.69586181640625,Real
529.jpg,82.28912353515625,82.57855224609375,79.5367431640625,Real
28.jpg,100.17498779296875,107.283935546875,107.16363525390625,Real
29.jpg,38.90423583984375,28.04852294921875,18.61956787109375,Real
704.jpg,99.04437255859375,132.935791015625,148.031982421875,Real
364.jpg,86.1624755859375,84.79888916015625,84.740478515625,Real
512.jpg,83.504150390625,95.921630859375,106.19134521484375,Real
56.jpg,105.9176025390625,109.1826171875,113.05389404296875,Real
530.jpg,89.8853759765625,96.13726806640625,103.96148681640625,Real
711.jpg,61.84625244140625,64.22308349609375,69.911865234375,Real
729.jpg,90.5079345703125,117.7415771484375,109.63763427734375,Real
605.jpg,73.360595703125,73.4425048828125,76.4033203125,Real
646.jpg,102.63189697265625,101.08721923828125,100.628662109375,Real
259.jpg,100.38519287109375,102.39288330078125,102.60809326171875,Real
411.jpg,78.87554931640625,79.4500732421875,82.310302734375,Real
230.jpg,94.5882568359375,121.17919921875,119.61981201171875,Real
858.jpg,81.00006103515625,100.6424560546875,103.1719970703125,Real
355.jpg,51.7083740234375,46.873046875,42.36224365234375,Real
465.jpg,59.07293701171875,87.71142578125,102.6162109375,Real
431.jpg,23.67132568359375,15.16912841796875,8.73101806640625,Real
830.jpg,33.74090576171875,26.6756591796875,21.8736572265625,Real
624.jpg,91.0631103515625,109.31787109375,107.0206298828125,Real
403.jpg,17.8292236328125,14.019287109375,12.05072021484375,Real
221.jpg,87.77545166015625,83.2022705078125,80.94232177734375,Real
282.jpg,43.83258056640625,65.9512939453125,79.564697265625,Real
462.jpg,110.47625732421875,134.58831787109375,133.5853271484375,Real
789.jpg,90.0369873046875,112.6353759765625,121.42169189453125,Real
236.jpg,110.476318359375,106.6395263671875,103.0350341796875,Real
552.jpg,107.116943359375,110.775146484375,96.38104248046875,Real
803.jpg,89.01690673828125,92.28326416015625,99.52520751953125,Real
855.jpg,105.47650146484375,99.93048095703125,99.5858154296875,Real
885.jpg,67.09820556640625,71.026123046875,77.51806640625,Real
140.jpg,115.9378662109375,111.27081298828125,106.319580078125,Real
318.jpg,90.08245849609375,109.226806640625,105.38629150390625,Real
815.jpg,41.92718505859375,40.86407470703125,36.41790771484375,Real
294.jpg,90.72442626953125,142.11297607421875,163.5958251953125,Real
797.jpg,112.35321044921875,107.56488037109375,102.5498046875,Real
410.jpg,29.71923828125,22.8094482421875,19.3997802734375,Real
290.jpg,72.99609375,92.3145751953125,93.8236083984375,Real
667.jpg,12.9307861328125,11.76385498046875,9.67486572265625,Real
366.jpg,85.12091064453125,85.0184326171875,87.50823974609375,Real
685.jpg,114.1544189453125,133.43548583984375,137.12066650390625,Real
280.jpg,103.8868408203125,122.62945556640625,116.2210693359375,Real
795.jpg,17.18896484375,14.596923828125,12.22369384765625,Real
313.jpg,110.2705078125,107.15533447265625,106.46551513671875,Real
859.jpg,77.958984375,79.7001953125,77.52783203125,Real
386.jpg,92.410888671875,94.61810302734375,91.31671142578125,Real
272.jpg,87.0982666015625,134.750732421875,166.33258056640625,Real
118.jpg,115.9432373046875,122.12274169921875,118.59954833984375,Real
798.jpg,92.55279541015625,114.071044921875,118.80609130859375,Real
869.jpg,135.17120361328125,155.13665771484375,152.24945068359375,Real
255.jpg,83.75567626953125,98.760498046875,119.7132568359375,Real
96.jpg,85.981201171875,113.12103271484375,118.196533203125,Real
519.jpg,107.6783447265625,105.94378662109375,104.180419921875,Real
484.jpg,91.060302734375,95.57440185546875,104.48052978515625,Real
745.jpg,80.80328369140625,85.373291015625,90.2677001953125,Real
822.jpg,91.96966552734375,106.4803466796875,110.05035400390625,Real
617.jpg,101.13916015625,120.63580322265625,118.81719970703125,Real
197.jpg,90.49755859375,92.50994873046875,92.17327880859375,Real
421.jpg,72.93780517578125,83.1912841796875,96.4029541015625,Real
630.jpg,113.95672607421875,150.21337890625,162.2867431640625,Real
675.jpg,99.87774658203125,96.4267578125,102.43597412109375,Real
429.jpg,102.6683349609375,105.5595703125,99.5465087890625,Real
491.jpg,64.5660400390625,65.7447509765625,68.823486328125,Real
437.jpg,80.12091064453125,93.0694580078125,112.4874267578125,Real
524.jpg,102.69476318359375,119.47369384765625,114.55072021484375,Real
716.jpg,43.44158935546875,35.72137451171875,32.854248046875,Real
132.jpg,78.10455322265625,73.76922607421875,73.00115966796875,Real
828.jpg,79.7406005859375,98.6826171875,99.847900390625,Real
260.jpg,124.36712646484375,141.45233154296875,143.7215576171875,Real
186.jpg,85.5390625,95.7830810546875,94.84539794921875,Real
738.jpg,62.28192138671875,92.6998291015625,127.41473388671875,Real
857.jpg,79.48248291015625,79.6322021484375,80.63250732421875,Real
301.jpg,83.22821044921875,103.322998046875,107.21759033203125,Real
258.jpg,109.1033935546875,124.13616943359375,112.85626220703125,Real
839.jpg,103.8363037109375,103.85162353515625,101.03350830078125,Real
443.jpg,109.96923828125,139.817138671875,146.052001953125,Real
835.jpg,101.5677490234375,100.16998291015625,99.64056396484375,Real
712.jpg,102.6253662109375,98.96844482421875,96.7650146484375,Real
268.jpg,79.0909423828125,92.1864013671875,97.4945068359375,Real
534.jpg,18.22381591796875,16.4708251953125,13.13818359375,Real
26.jpg,88.6004638671875,94.27911376953125,101.40496826171875,Real
579.jpg,105.91485595703125,100.8680419921875,96.73602294921875,Real
129.jpg,109.1480712890625,143.46905517578125,152.12518310546875,Fake
688.jpg,84.4959716796875,100.912841796875,105.32452392578125,Fake
182.jpg,92.59112548828125,114.52984619140625,122.69805908203125,Fake
359.jpg,77.55419921875,81.970703125,90.95806884765625,Fake
877.jpg,25.27197265625,22.63018798828125,16.6173095703125,Fake
781.jpg,100.099365234375,101.67755126953125,94.5450439453125,Fake
178.jpg,72.778564453125,95.7041015625,111.56146240234375,Fake
550.jpg,91.70782470703125,96.333251953125,104.978759765625,Fake
635.jpg,102.2890625,103.54803466796875,103.17529296875,Fake
892.jpg,84.0203857421875,111.3446044921875,122.41473388671875,Fake
714.jpg,95.56622314453125,91.512939453125,90.4239501953125,Fake
487.jpg,20.4830322265625,15.92352294921875,9.35888671875,Fake
241.jpg,87.5654296875,93.34930419921875,84.273193359375,Fake
741.jpg,100.997802734375,95.99676513671875,84.9168701171875,Fake
284.jpg,93.27386474609375,110.84759521484375,98.99755859375,Fake
319.jpg,103.489501953125,102.51190185546875,89.0556640625,Fake
816.jpg,38.22943115234375,29.73724365234375,23.49298095703125,Fake
414.jpg,38.50238037109375,28.93450927734375,27.47381591796875,Fake
378.jpg,75.5557861328125,93.0660400390625,112.236572265625,Fake
211.jpg,114.43560791015625,129.3223876953125,125.22625732421875,Fake
52.jpg,80.226318359375,91.69573974609375,97.10040283203125,Fake
790.jpg,102.2646484375,100.92315673828125,99.98681640625,Fake
847.jpg,95.48712158203125,117.56195068359375,112.5567626953125,Fake
863.jpg,103.259521484375,94.8704833984375,89.6578369140625,Fake
342.jpg,88.50860595703125,87.52532958984375,88.71795654296875,Fake
293.jpg,95.93621826171875,121.665283203125,131.382568359375,Fake
59.jpg,100.92303466796875,108.83331298828125,109.70709228515625,Fake
725.jpg,102.60546875,110.8507080078125,117.6932373046875,Fake
248.jpg,54.58319091796875,48.68902587890625,43.198486328125,Fake
90.jpg,89.63677978515625,110.9969482421875,114.46282958984375,Fake
586.jpg,82.74639892578125,99.53717041015625,102.7742919921875,Fake
614.jpg,101.63726806640625,120.77728271484375,118.896728515625,Fake
516.jpg,115.2137451171875,122.13397216796875,119.21246337890625,Fake
893.jpg,81.23760986328125,86.03448486328125,91.1297607421875,Fake
88.jpg,52.2421875,78.3636474609375,92.7584228515625,Fake
136.jpg,86.70074462890625,99.80950927734375,109.771240234375,Fake
686.jpg,97.78033447265625,101.97418212890625,104.6617431640625,Fake
315.jpg,87.8277587890625,121.095947265625,132.70159912109375,Fake
460.jpg,118.609130859375,115.73223876953125,113.9456787109375,Fake
101.jpg,94.4024658203125,92.62066650390625,91.0906982421875,Fake
262.jpg,76.11566162109375,73.74334716796875,72.7418212890625,Fake
759.jpg,77.5335693359375,80.76531982421875,87.19012451171875,Fake
787.jpg,18.60003662109375,16.35260009765625,13.88134765625,Fake
252.jpg,97.2794189453125,91.1864013671875,85.07977294921875,Fake
100.jpg,25.07501220703125,17.24652099609375,10.31231689453125,Fake
814.jpg,113.34161376953125,108.4658203125,103.375244140625,Fake
812.jpg,107.467041015625,110.69244384765625,97.087158203125,Fake
709.jpg,86.358642578125,93.31671142578125,105.23828125,Fake
83.jpg,85.32891845703125,87.22784423828125,90.06915283203125,Fake
123.jpg,110.32940673828125,109.246826171875,108.78076171875,Fake
384.jpg,12.865234375,11.8115234375,8.26898193359375,Fake
68.jpg,115.5701904296875,113.063720703125,109.049072265625,Fake
36.jpg,117.3175048828125,125.566650390625,131.9964599609375,Fake
636.jpg,98.2598876953125,101.08447265625,95.144287109375,Fake
610.jpg,97.17962646484375,90.894775390625,88.07672119140625,Fake
622.jpg,89.01239013671875,105.1397705078125,94.76751708984375,Fake
191.jpg,91.36480712890625,94.89642333984375,87.38330078125,Fake
535.jpg,96.50140380859375,101.64593505859375,106.6993408203125,Fake
680.jpg,118.47576904296875,116.56793212890625,109.82623291015625,Fake
845.jpg,83.71630859375,110.5845947265625,120.43060302734375,Fake
615.jpg,116.4730224609375,111.977783203125,106.126220703125,Fake
128.jpg,47.66778564453125,47.24468994140625,41.10693359375,Fake
250.jpg,117.1009521484375,114.29779052734375,111.0118408203125,Fake
179.jpg,94.9150390625,132.1397705078125,143.81787109375,Fake
556.jpg,91.88702392578125,124.608642578125,137.56292724609375,Fake
395.jpg,101.120361328125,102.368408203125,102.8817138671875,Fake
639.jpg,77.57806396484375,86.90594482421875,98.3690185546875,Fake
740.jpg,93.341064453125,93.73040771484375,95.05950927734375,Fake
542.jpg,104.14898681640625,114.8775634765625,111.6282958984375,Fake
138.jpg,76.823974609375,66.2291259765625,46.45208740234375,Fake
424.jpg,79.68695068359375,79.99517822265625,83.13427734375,Fake
169.jpg,91.99017333984375,96.40277099609375,97.51678466796875,Fake
286.jpg,89.926025390625,119.67950439453125,131.2130126953125,Fake
468.jpg,74.300048828125,84.5648193359375,102.0675048828125,Fake
597.jpg,89.824462890625,91.3385009765625,90.50762939453125,Fake
706.jpg,109.86871337890625,134.97601318359375,137.45904541015625,Fake
507.jpg,107.4541015625,111.422607421875,99.7369384765625,Fake
820.jpg,14.2998046875,13.4759521484375,11.48956298828125,Fake
898.jpg,65.5703125,81.8367919921875,98.4560546875,Fake
146.jpg,113.89727783203125,126.96636962890625,122.9837646484375,Fake
888.jpg,80.89117431640625,107.05816650390625,119.35601806640625,Fake
750.jpg,98.2794189453125,105.08795166015625,116.37152099609375,Fake
628.jpg,117.76336669921875,125.91754150390625,117.23406982421875,Fake
671.jpg,19.76806640625,18.50701904296875,14.662353515625,Fake
256.jpg,106.3436279296875,119.11431884765625,112.45843505859375,Fake
501.jpg,87.2298583984375,89.11309814453125,98.30267333984375,Fake
865.jpg,82.53179931640625,76.17279052734375,75.8740234375,Fake
595.jpg,74.73626708984375,85.5323486328125,102.99151611328125,Fake
363.jpg,103.56671142578125,106.3486328125,100.5091552734375,Fake
10.jpg,80.13714599609375,86.77044677734375,93.94171142578125,Fake
308.jpg,48.40692138671875,38.16717529296875,34.98260498046875,Fake
167.jpg,67.16778564453125,57.8807373046875,53.17510986328125,Fake
882.jpg,56.8526611328125,46.45745849609375,44.14202880859375,Fake
756.jpg,90.74652099609375,132.018798828125,146.10150146484375,Fake
406.jpg,64.8433837890625,88.650390625,101.65887451171875,Fake
44.jpg,89.19830322265625,104.003662109375,129.849853515625,Fake
594.jpg,56.29620361328125,78.84259033203125,103.88580322265625,Fake
674.jpg,92.20611572265625,90.26806640625,88.73028564453125,Fake
439.jpg,87.10162353515625,83.73773193359375,82.032958984375,Fake
209.jpg,128.71209716796875,151.35052490234375,154.55169677734375,Fake
687.jpg,91.05322265625,109.89703369140625,106.5008544921875,Fake
453.jpg,95.31756591796875,116.498779296875,115.156494140625,Fake
678.jpg,104.16448974609375,107.59625244140625,111.885986328125,Fake
358.jpg,107.221923828125,106.86907958984375,101.93548583984375,Fake
504.jpg,101.13714599609375,108.55572509765625,97.626708984375,Fake
53.jpg,98.76385498046875,97.47222900390625,96.4381103515625,Fake
61.jpg,82.2459716796875,109.20965576171875,107.07574462890625,Fake
538.jpg,86.904052734375,95.02130126953125,102.6724853515625,Fake
513.jpg,127.83489990234375,162.85430908203125,171.57843017578125,Fake
479.jpg,81.52093505859375,89.27630615234375,94.55670166015625,Fake
558.jpg,107.42236328125,123.12335205078125,115.78466796875,Fake
895.jpg,79.18023681640625,80.6864013671875,78.85968017578125,Fake
287.jpg,69.23358154296875,28.1861572265625,29.6126708984375,Fake
511.jpg,145.32037353515625,152.466796875,159.29022216796875,Fake
195.jpg,80.03131103515625,76.04681396484375,68.83990478515625,Fake
334.jpg,88.5130615234375,114.52093505859375,142.0821533203125,Fake
11.jpg,84.9482421875,78.050537109375,71.7703857421875,Fake
470.jpg,125.494384765625,122.611572265625,118.2283935546875,Fake
451.jpg,15.9168701171875,13.182373046875,11.799072265625,Fake
441.jpg,82.54010009765625,101.1336669921875,122.2972412109375,Fake
496.jpg,92.95184326171875,123.48846435546875,127.2386474609375,Fake
115.jpg,109.734375,124.49542236328125,112.96337890625,Fake
697.jpg,101.37884521484375,98.58111572265625,95.943359375,Fake
270.jpg,45.8707275390625,40.00323486328125,34.76513671875,Fake
85.jpg,89.55615234375,97.34649658203125,96.9249267578125,Fake
372.jpg,87.9124755859375,134.85955810546875,165.5224609375,Fake
577.jpg,86.51043701171875,86.3631591796875,89.45501708984375,Fake
849.jpg,96.59393310546875,117.61212158203125,111.52764892578125,Fake
721.jpg,138.7935791015625,125.57818603515625,120.50177001953125,Fake
872.jpg,102.5238037109375,107.4490966796875,95.83099365234375,Fake
591.jpg,28.7711181640625,29.8541259765625,26.3448486328125,Fake
383.jpg,122.8572998046875,122.75494384765625,126.2337646484375,Fake
203.jpg,73.2015380859375,78.0670166015625,87.51177978515625,Fake
445.jpg,101.85107421875,103.8614501953125,99.120361328125,Fake
80.jpg,114.33709716796875,106.59698486328125,103.43499755859375,Fake
832.jpg,99.01324462890625,101.115478515625,105.1741943359375,Fake
662.jpg,92.95428466796875,121.62176513671875,121.16192626953125,Fake
510.jpg,129.14532470703125,151.251953125,153.833984375,Fake
339.jpg,44.47064208984375,65.864501953125,78.79168701171875,Fake
581.jpg,114.39630126953125,133.5338134765625,136.62469482421875,Fake
883.jpg,113.9591064453125,111.97735595703125,114.35833740234375,Fake
162.jpg,32.4893798828125,29.732177734375,25.6148681640625,Fake
663.jpg,35.3289794921875,33.3912353515625,29.6904296875,Fake
156.jpg,114.82080078125,136.4754638671875,134.0494384765625,Fake
584.jpg,85.654541015625,90.7432861328125,97.0926513671875,Fake
760.jpg,92.18682861328125,93.91925048828125,93.70172119140625,Fake
229.jpg,80.50604248046875,85.37237548828125,95.3673095703125,Fake
694.jpg,83.65478515625,91.939697265625,100.21209716796875,Fake
539.jpg,93.9573974609375,97.0635986328125,91.33819580078125,Fake
567.jpg,123.416015625,137.9398193359375,136.06524658203125,Fake
296.jpg,81.79638671875,99.55926513671875,102.2850341796875,Fake
279.jpg,43.13250732421875,33.82763671875,29.10791015625,Fake
625.jpg,101.82684326171875,106.7816162109375,106.12847900390625,Fake
193.jpg,21.33001708984375,20.718994140625,16.6826171875,Fake
237.jpg,108.688720703125,104.17889404296875,98.92218017578125,Fake
514.jpg,98.5927734375,102.10675048828125,100.120849609375,Fake
55.jpg,119.9691162109375,108.72064208984375,93.86181640625,Fake
434.jpg,100.90631103515625,134.1549072265625,145.97808837890625,Fake
629.jpg,73.45501708984375,68.29010009765625,65.2213134765625,Fake
722.jpg,71.97894287109375,87.01318359375,88.52850341796875,Fake
306.jpg,88.87762451171875,124.42315673828125,140.00537109375,Fake
564.jpg,94.7757568359375,109.98004150390625,104.06646728515625,Fake
344.jpg,108.3397216796875,128.67291259765625,127.96044921875,Fake
723.jpg,86.97747802734375,102.44378662109375,95.0389404296875,Fake
823.jpg,92.20538330078125,94.34515380859375,99.690185546875,Fake
124.jpg,88.72332763671875,107.8843994140625,104.5057373046875,Fake
772.jpg,90.05084228515625,107.10302734375,102.6248779296875,Fake
891.jpg,88.1107177734375,88.76861572265625,83.830078125,Fake
618.jpg,99.7552490234375,98.54547119140625,98.87384033203125,Fake
843.jpg,90.4991455078125,113.3238525390625,123.794189453125,Fake
864.jpg,122.2117919921875,150.10418701171875,156.2005615234375,Fake
155.jpg,77.2752685546875,88.990478515625,103.546630859375,Fake
163.jpg,59.58984375,72.18914794921875,90.19439697265625,Fake
240.jpg,77.0728759765625,86.77349853515625,97.49041748046875,Fake
672.jpg,109.99627685546875,125.741943359375,121.3253173828125,Fake
599.jpg,109.04095458984375,129.5753173828125,140.5118408203125,Fake
609.jpg,89.214111328125,95.16900634765625,102.20660400390625,Fake
698.jpg,79.2034912109375,106.008544921875,114.86383056640625,Fake
423.jpg,110.17572021484375,122.24444580078125,114.46954345703125,Fake
171.jpg,97.8353271484375,114.9761962890625,115.0294189453125,Fake
677.jpg,85.7564697265625,89.6015625,87.65521240234375,Fake
147.jpg,87.0751953125,93.1912841796875,99.91796875,Fake
110.jpg,84.47760009765625,119.4259033203125,124.93109130859375,Fake
37.jpg,102.8082275390625,102.5157470703125,99.480712890625,Fake
227.jpg,50.49310302734375,63.15008544921875,74.57940673828125,Fake
288.jpg,123.98443603515625,131.57861328125,127.97052001953125,Fake
611.jpg,97.4854736328125,92.01116943359375,97.28656005859375,Fake
225.jpg,116.3558349609375,115.0938720703125,111.37890625,Fake
369.jpg,99.800537109375,110.78125,113.33428955078125,Fake
852.jpg,96.11737060546875,97.28192138671875,94.06756591796875,Fake
682.jpg,83.27001953125,93.26190185546875,106.1514892578125,Fake
13.jpg,30.92193603515625,24.78985595703125,20.53289794921875,Fake
190.jpg,107.41094970703125,101.15777587890625,96.2117919921875,Fake
563.jpg,82.53167724609375,84.2716064453125,85.29534912109375,Fake
205.jpg,80.08978271484375,93.890380859375,78.9644775390625,Fake
330.jpg,87.632080078125,113.70458984375,124.730712890625,Fake
57.jpg,92.0311279296875,121.93878173828125,135.95574951171875,Fake
791.jpg,90.961181640625,101.31744384765625,98.5675048828125,Fake
107.jpg,78.0745849609375,79.384765625,77.79339599609375,Fake
478.jpg,111.60809326171875,99.52508544921875,88.9964599609375,Fake
878.jpg,71.40155029296875,87.65863037109375,90.819580078125,Fake
249.jpg,93.0416259765625,110.5482177734375,108.740966796875,Fake
1.jpg,51.6962890625,46.12274169921875,42.8907470703125,Fake
302.jpg,79.3905029296875,98.65362548828125,104.594970703125,Fake
351.jpg,60.58392333984375,58.43658447265625,57.76177978515625,Fake
518.jpg,136.1531982421875,155.916015625,153.92364501953125,Fake
154.jpg,97.60589599609375,119.31439208984375,114.1309814453125,Fake
598.jpg,86.8060302734375,85.48089599609375,85.1466064453125,Fake
404.jpg,88.04998779296875,90.9141845703125,94.10906982421875,Fake
396.jpg,107.04638671875,122.566162109375,125.56292724609375,Fake
377.jpg,53.15032958984375,48.78424072265625,44.03662109375,Fake
412.jpg,81.9031982421875,85.28302001953125,93.66156005859375,Fake
644.jpg,77.9449462890625,96.818115234375,92.2713623046875,Fake
549.jpg,92.3873291015625,105.31890869140625,99.62677001953125,Fake
20.jpg,108.84600830078125,107.11981201171875,104.23541259765625,Fake
448.jpg,24.2164306640625,22.34063720703125,20.07208251953125,Fake
352.jpg,94.1864013671875,110.323974609375,106.5440673828125,Fake
656.jpg,70.46307373046875,86.13739013671875,101.51495361328125,Fake
311.jpg,82.393798828125,102.92645263671875,110.9320068359375,Fake
164.jpg,91.90472412109375,126.170166015625,135.5269775390625,Fake
81.jpg,108.17413330078125,112.3111572265625,113.6708984375,Fake
79.jpg,105.3394775390625,105.5714111328125,100.90167236328125,Fake
300.jpg,76.28082275390625,82.45697021484375,90.7191162109375,Fake
116.jpg,94.56146240234375,90.73968505859375,89.572021484375,Fake
18.jpg,78.16851806640625,87.02532958984375,90.7386474609375,Fake
679.jpg,149.30291748046875,157.29180908203125,149.4627685546875,Fake
806.jpg,69.77752685546875,71.87725830078125,62.84332275390625,Fake
461.jpg,92.28314208984375,121.08544921875,128.799072265625,Fake
876.jpg,73.101806640625,100.58905029296875,110.5523681640625,Fake
649.jpg,89.51263427734375,89.28948974609375,92.61236572265625,Fake
9.jpg,67.96783447265625,58.7713623046875,55.319580078125,Fake
267.jpg,67.619384765625,90.4405517578125,106.427001953125,Fake
253.jpg,109.7884521484375,122.3883056640625,118.58953857421875,Fake
183.jpg,87.89556884765625,85.299072265625,81.16961669921875,Fake
616.jpg,126.38555908203125,150.12286376953125,155.7532958984375,Fake
619.jpg,84.66357421875,80.695556640625,75.51458740234375,Fake
218.jpg,84.68463134765625,99.59307861328125,120.13348388671875,Fake
6.jpg,100.8795166015625,112.15814208984375,100.4388427734375,Fake
22.jpg,31.22821044921875,28.4716796875,25.32391357421875,Fake
165.jpg,97.63360595703125,105.12451171875,104.980712890625,Fake
561.jpg,82.80560302734375,111.84710693359375,128.693359375,Fake
737.jpg,110.82476806640625,123.32220458984375,117.420166015625,Fake
506.jpg,65.2734375,94.35968017578125,127.30633544921875,Fake
266.jpg,72.9237060546875,89.79656982421875,103.49664306640625,Fake
63.jpg,103.30145263671875,120.0384521484375,105.8765869140625,Fake
450.jpg,87.7498779296875,111.71795654296875,117.4483642578125,Fake
15.jpg,92.6661376953125,116.7547607421875,121.4935302734375,Fake
578.jpg,88.57452392578125,88.6285400390625,92.45367431640625,Fake
43.jpg,73.6068115234375,75.6845703125,83.03326416015625,Fake
676.jpg,90.29876708984375,88.29998779296875,82.28314208984375,Fake
733.jpg,140.6744384765625,166.14990234375,178.31988525390625,Fake
647.jpg,105.3323974609375,104.2213134765625,114.08740234375,Fake
104.jpg,81.7734375,83.43316650390625,83.82275390625,Fake
226.jpg,74.9752197265625,81.11041259765625,88.2596435546875,Fake
650.jpg,119.69500732421875,121.04022216796875,116.43426513671875,Fake
590.jpg,58.9642333984375,46.71942138671875,34.79058837890625,Fake
417.jpg,123.29522705078125,117.06689453125,112.1373291015625,Fake
482.jpg,120.37884521484375,119.244873046875,113.8768310546875,Fake
604.jpg,105.33184814453125,120.6239013671875,119.88970947265625,Fake
160.jpg,71.25006103515625,79.63922119140625,88.12506103515625,Fake
212.jpg,40.34368896484375,35.80279541015625,30.66064453125,Fake
757.jpg,63.02178955078125,54.5142822265625,48.0789794921875,Fake
886.jpg,107.789794921875,102.4061279296875,99.68658447265625,Fake
278.jpg,79.3145751953125,89.66485595703125,96.3370361328125,Fake
666.jpg,95.6209716796875,98.58538818359375,101.55487060546875,Fake
213.jpg,111.0911865234375,116.97998046875,110.35870361328125,Fake
747.jpg,47.450927734375,76.590087890625,97.7364501953125,Fake
508.jpg,85.5220947265625,95.919677734375,95.25445556640625,Fake
718.jpg,102.968017578125,99.2667236328125,98.5103759765625,Fake
40.jpg,64.85760498046875,46.84234619140625,40.04962158203125,Fake
19.jpg,96.941650390625,109.12139892578125,113.19805908203125,Fake
531.jpg,80.43267822265625,120.00885009765625,149.569580078125,Fake
419.jpg,76.0989990234375,75.02008056640625,78.75103759765625,Fake
730.jpg,98.41265869140625,102.14837646484375,109.59173583984375,Fake
347.jpg,102.92529296875,119.4554443359375,116.3773193359375,Fake
720.jpg,20.78607177734375,19.02764892578125,16.507080078125,Fake
309.jpg,98.10797119140625,138.93804931640625,145.36798095703125,Fake
415.jpg,112.98077392578125,112.6378173828125,110.83245849609375,Fake
659.jpg,105.90753173828125,99.89068603515625,98.04693603515625,Fake
271.jpg,85.1014404296875,101.6126708984375,101.11090087890625,Fake
708.jpg,94.37060546875,119.320556640625,119.4478759765625,Fake
200.jpg,96.74688720703125,92.85321044921875,89.77630615234375,Fake
112.jpg,105.78704833984375,134.1243896484375,130.30328369140625,Fake
141.jpg,28.1097412109375,34.37158203125,19.03363037109375,Fake
231.jpg,117.21026611328125,119.20556640625,107.716796875,Fake
804.jpg,66.9041748046875,36.10467529296875,28.15484619140625,Fake
30.jpg,96.59588623046875,132.919921875,147.14459228515625,Fake
144.jpg,78.689453125,82.78436279296875,94.88763427734375,Fake
583.jpg,99.00872802734375,97.13189697265625,100.53265380859375,Fake
527.jpg,97.25164794921875,104.57574462890625,94.7449951171875,Fake
669.jpg,92.53082275390625,107.300537109375,109.4569091796875,Fake
783.jpg,93.77508544921875,124.1461181640625,134.60626220703125,Fake
784.jpg,92.185546875,110.5977783203125,108.48333740234375,Fake
180.jpg,25.09417724609375,23.0732421875,20.12152099609375,Fake
371.jpg,96.39862060546875,105.6689453125,106.18145751953125,Fake
684.jpg,59.7479248046875,48.5496826171875,37.93505859375,Fake
389.jpg,24.7730712890625,23.1055908203125,20.1837158203125,Fake
472.jpg,34.6358642578125,28.27020263671875,25.36370849609375,Fake
340.jpg,83.50384521484375,116.47900390625,132.05987548828125,Fake
170.jpg,105.17828369140625,112.5438232421875,96.342529296875,Fake
643.jpg,138.80035400390625,138.37017822265625,134.9984130859375,Fake
593.jpg,22.52130126953125,21.3115234375,21.12042236328125,Fake
775.jpg,105.0184326171875,106.22607421875,109.57427978515625,Fake
724.jpg,87.62353515625,105.943115234375,106.5716552734375,Fake
289.jpg,131.01318359375,148.56927490234375,142.39324951171875,Fake
97.jpg,101.0064697265625,108.55206298828125,108.341552734375,Fake
151.jpg,89.40692138671875,86.8240966796875,86.258544921875,Fake
333.jpg,83.95068359375,81.57989501953125,87.04083251953125,Fake
459.jpg,77.8067626953125,75.45343017578125,81.3765869140625,Fake
690.jpg,108.9051513671875,120.98828125,116.17987060546875,Fake
489.jpg,89.25732421875,88.95318603515625,91.80194091796875,Fake
603.jpg,104.5291748046875,103.34124755859375,101.30712890625,Fake
74.jpg,93.127197265625,110.5120849609375,107.98919677734375,Fake
826.jpg,94.73040771484375,94.77783203125,95.86895751953125,Fake
710.jpg,65.4017333984375,66.57159423828125,69.91485595703125,Fake
129.jpg,109.1480712890625,143.46905517578125,152.12518310546875,Fake
688.jpg,84.4959716796875,100.912841796875,105.32452392578125,Fake
182.jpg,92.59112548828125,114.52984619140625,122.69805908203125,Fake
359.jpg,77.55419921875,81.970703125,90.95806884765625,Fake
877.jpg,25.27197265625,22.63018798828125,16.6173095703125,Fake
781.jpg,100.099365234375,101.67755126953125,94.5450439453125,Fake
178.jpg,72.778564453125,95.7041015625,111.56146240234375,Fake
550.jpg,91.70782470703125,96.333251953125,104.978759765625,Fake
635.jpg,102.2890625,103.54803466796875,103.17529296875,Fake
892.jpg,84.0203857421875,111.3446044921875,122.41473388671875,Fake
714.jpg,95.56622314453125,91.512939453125,90.4239501953125,Fake
487.jpg,20.4830322265625,15.92352294921875,9.35888671875,Fake
241.jpg,87.5654296875,93.34930419921875,84.273193359375,Fake
741.jpg,100.997802734375,95.99676513671875,84.9168701171875,Fake
284.jpg,93.27386474609375,110.84759521484375,98.99755859375,Fake
319.jpg,103.489501953125,102.51190185546875,89.0556640625,Fake
816.jpg,38.22943115234375,29.73724365234375,23.49298095703125,Fake
414.jpg,38.50238037109375,28.93450927734375,27.47381591796875,Fake
378.jpg,75.5557861328125,93.0660400390625,112.236572265625,Fake
211.jpg,114.43560791015625,129.3223876953125,125.22625732421875,Fake
52.jpg,80.226318359375,91.69573974609375,97.10040283203125,Fake
790.jpg,102.2646484375,100.92315673828125,99.98681640625,Fake
847.jpg,95.48712158203125,117.56195068359375,112.5567626953125,Fake
863.jpg,103.259521484375,94.8704833984375,89.6578369140625,Fake
342.jpg,88.50860595703125,87.52532958984375,88.71795654296875,Fake
293.jpg,95.93621826171875,121.665283203125,131.382568359375,Fake
59.jpg,100.92303466796875,108.83331298828125,109.70709228515625,Fake
725.jpg,102.60546875,110.8507080078125,117.6932373046875,Fake
248.jpg,54.58319091796875,48.68902587890625,43.198486328125,Fake
90.jpg,89.63677978515625,110.9969482421875,114.46282958984375,Fake
586.jpg,82.74639892578125,99.53717041015625,102.7742919921875,Fake
614.jpg,101.63726806640625,120.77728271484375,118.896728515625,Fake
516.jpg,115.2137451171875,122.13397216796875,119.21246337890625,Fake
893.jpg,81.23760986328125,86.03448486328125,91.1297607421875,Fake
88.jpg,52.2421875,78.3636474609375,92.7584228515625,Fake
136.jpg,86.70074462890625,99.80950927734375,109.771240234375,Fake
686.jpg,97.78033447265625,101.97418212890625,104.6617431640625,Fake
315.jpg,87.8277587890625,121.095947265625,132.70159912109375,Fake
460.jpg,118.609130859375,115.73223876953125,113.9456787109375,Fake
101.jpg,94.4024658203125,92.62066650390625,91.0906982421875,Fake
262.jpg,76.11566162109375,73.74334716796875,72.7418212890625,Fake
759.jpg,77.5335693359375,80.76531982421875,87.19012451171875,Fake
787.jpg,18.60003662109375,16.35260009765625,13.88134765625,Fake
252.jpg,97.2794189453125,91.1864013671875,85.07977294921875,Fake
100.jpg,25.07501220703125,17.24652099609375,10.31231689453125,Fake
814.jpg,113.34161376953125,108.4658203125,103.375244140625,Fake
812.jpg,107.467041015625,110.69244384765625,97.087158203125,Fake
709.jpg,86.358642578125,93.31671142578125,105.23828125,Fake
83.jpg,85.32891845703125,87.22784423828125,90.06915283203125,Fake
123.jpg,110.32940673828125,109.246826171875,108.78076171875,Fake
384.jpg,12.865234375,11.8115234375,8.26898193359375,Fake
68.jpg,115.5701904296875,113.063720703125,109.049072265625,Fake
36.jpg,117.3175048828125,125.566650390625,131.9964599609375,Fake
636.jpg,98.2598876953125,101.08447265625,95.144287109375,Fake
610.jpg,97.17962646484375,90.894775390625,88.07672119140625,Fake
622.jpg,89.01239013671875,105.1397705078125,94.76751708984375,Fake
191.jpg,91.36480712890625,94.89642333984375,87.38330078125,Fake
535.jpg,96.50140380859375,101.64593505859375,106.6993408203125,Fake
680.jpg,118.47576904296875,116.56793212890625,109.82623291015625,Fake
845.jpg,83.71630859375,110.5845947265625,120.43060302734375,Fake
615.jpg,116.4730224609375,111.977783203125,106.126220703125,Fake
128.jpg,47.66778564453125,47.24468994140625,41.10693359375,Fake
250.jpg,117.1009521484375,114.29779052734375,111.0118408203125,Fake
179.jpg,94.9150390625,132.1397705078125,143.81787109375,Fake
556.jpg,91.88702392578125,124.608642578125,137.56292724609375,Fake
395.jpg,101.120361328125,102.368408203125,102.8817138671875,Fake
639.jpg,77.57806396484375,86.90594482421875,98.3690185546875,Fake
740.jpg,93.341064453125,93.73040771484375,95.05950927734375,Fake
542.jpg,104.14898681640625,114.8775634765625,111.6282958984375,Fake
138.jpg,76.823974609375,66.2291259765625,46.45208740234375,Fake
424.jpg,79.68695068359375,79.99517822265625,83.13427734375,Fake
169.jpg,91.99017333984375,96.40277099609375,97.51678466796875,Fake
286.jpg,89.926025390625,119.67950439453125,131.2130126953125,Fake
468.jpg,74.300048828125,84.5648193359375,102.0675048828125,Fake
597.jpg,89.824462890625,91.3385009765625,90.50762939453125,Fake
706.jpg,109.86871337890625,134.97601318359375,137.45904541015625,Fake
507.jpg,107.4541015625,111.422607421875,99.7369384765625,Fake
820.jpg,14.2998046875,13.4759521484375,11.48956298828125,Fake
898.jpg,65.5703125,81.8367919921875,98.4560546875,Fake
146.jpg,113.89727783203125,126.96636962890625,122.9837646484375,Fake
888.jpg,80.89117431640625,107.05816650390625,119.35601806640625,Fake
750.jpg,98.2794189453125,105.08795166015625,116.37152099609375,Fake
628.jpg,117.76336669921875,125.91754150390625,117.23406982421875,Fake
671.jpg,19.76806640625,18.50701904296875,14.662353515625,Fake
256.jpg,106.3436279296875,119.11431884765625,112.45843505859375,Fake
501.jpg,87.2298583984375,89.11309814453125,98.30267333984375,Fake
865.jpg,82.53179931640625,76.17279052734375,75.8740234375,Fake
595.jpg,74.73626708984375,85.5323486328125,102.99151611328125,Fake
363.jpg,103.56671142578125,106.3486328125,100.5091552734375,Fake
10.jpg,80.13714599609375,86.77044677734375,93.94171142578125,Fake
308.jpg,48.40692138671875,38.16717529296875,34.98260498046875,Fake
167.jpg,67.16778564453125,57.8807373046875,53.17510986328125,Fake
882.jpg,56.8526611328125,46.45745849609375,44.14202880859375,Fake
756.jpg,90.74652099609375,132.018798828125,146.10150146484375,Fake
406.jpg,64.8433837890625,88.650390625,101.65887451171875,Fake
44.jpg,89.19830322265625,104.003662109375,129.849853515625,Fake
594.jpg,56.29620361328125,78.84259033203125,103.88580322265625,Fake
674.jpg,92.20611572265625,90.26806640625,88.73028564453125,Fake
439.jpg,87.10162353515625,83.73773193359375,82.032958984375,Fake
209.jpg,128.71209716796875,151.35052490234375,154.55169677734375,Fake
687.jpg,91.05322265625,109.89703369140625,106.5008544921875,Fake
453.jpg,95.31756591796875,116.498779296875,115.156494140625,Fake
678.jpg,104.16448974609375,107.59625244140625,111.885986328125,Fake
358.jpg,107.221923828125,106.86907958984375,101.93548583984375,Fake
504.jpg,101.13714599609375,108.55572509765625,97.626708984375,Fake
53.jpg,98.76385498046875,97.47222900390625,96.4381103515625,Fake
61.jpg,82.2459716796875,109.20965576171875,107.07574462890625,Fake
538.jpg,86.904052734375,95.02130126953125,102.6724853515625,Fake
513.jpg,127.83489990234375,162.85430908203125,171.57843017578125,Fake
479.jpg,81.52093505859375,89.27630615234375,94.55670166015625,Fake
558.jpg,107.42236328125,123.12335205078125,115.78466796875,Fake
895.jpg,79.18023681640625,80.6864013671875,78.85968017578125,Fake
287.jpg,69.23358154296875,28.1861572265625,29.6126708984375,Fake
511.jpg,145.32037353515625,152.466796875,159.29022216796875,Fake
195.jpg,80.03131103515625,76.04681396484375,68.83990478515625,Fake
334.jpg,88.5130615234375,114.52093505859375,142.0821533203125,Fake
11.jpg,84.9482421875,78.050537109375,71.7703857421875,Fake
470.jpg,125.494384765625,122.611572265625,118.2283935546875,Fake
451.jpg,15.9168701171875,13.182373046875,11.799072265625,Fake
441.jpg,82.54010009765625,101.1336669921875,122.2972412109375,Fake
496.jpg,92.95184326171875,123.48846435546875,127.2386474609375,Fake
115.jpg,109.734375,124.49542236328125,112.96337890625,Fake
697.jpg,101.37884521484375,98.58111572265625,95.943359375,Fake
270.jpg,45.8707275390625,40.00323486328125,34.76513671875,Fake
85.jpg,89.55615234375,97.34649658203125,96.9249267578125,Fake
372.jpg,87.9124755859375,134.85955810546875,165.5224609375,Fake
577.jpg,86.51043701171875,86.3631591796875,89.45501708984375,Fake
849.jpg,96.59393310546875,117.61212158203125,111.52764892578125,Fake
721.jpg,138.7935791015625,125.57818603515625,120.50177001953125,Fake
872.jpg,102.5238037109375,107.4490966796875,95.83099365234375,Fake
591.jpg,28.7711181640625,29.8541259765625,26.3448486328125,Fake
383.jpg,122.8572998046875,122.75494384765625,126.2337646484375,Fake
203.jpg,73.2015380859375,78.0670166015625,87.51177978515625,Fake
445.jpg,101.85107421875,103.8614501953125,99.120361328125,Fake
80.jpg,114.33709716796875,106.59698486328125,103.43499755859375,Fake
832.jpg,99.01324462890625,101.115478515625,105.1741943359375,Fake
662.jpg,92.95428466796875,121.62176513671875,121.16192626953125,Fake
510.jpg,129.14532470703125,151.251953125,153.833984375,Fake
339.jpg,44.47064208984375,65.864501953125,78.79168701171875,Fake
581.jpg,114.39630126953125,133.5338134765625,136.62469482421875,Fake
883.jpg,113.9591064453125,111.97735595703125,114.35833740234375,Fake
162.jpg,32.4893798828125,29.732177734375,25.6148681640625,Fake
663.jpg,35.3289794921875,33.3912353515625,29.6904296875,Fake
156.jpg,114.82080078125,136.4754638671875,134.0494384765625,Fake
584.jpg,85.654541015625,90.7432861328125,97.0926513671875,Fake
760.jpg,92.18682861328125,93.91925048828125,93.70172119140625,Fake
229.jpg,80.50604248046875,85.37237548828125,95.3673095703125,Fake
694.jpg,83.65478515625,91.939697265625,100.21209716796875,Fake
539.jpg,93.9573974609375,97.0635986328125,91.33819580078125,Fake
567.jpg,123.416015625,137.9398193359375,136.06524658203125,Fake
296.jpg,81.79638671875,99.55926513671875,102.2850341796875,Fake
279.jpg,43.13250732421875,33.82763671875,29.10791015625,Fake
625.jpg,101.82684326171875,106.7816162109375,106.12847900390625,Fake
193.jpg,21.33001708984375,20.718994140625,16.6826171875,Fake
237.jpg,108.688720703125,104.17889404296875,98.92218017578125,Fake
514.jpg,98.5927734375,102.10675048828125,100.120849609375,Fake
55.jpg,119.9691162109375,108.72064208984375,93.86181640625,Fake
434.jpg,100.90631103515625,134.1549072265625,145.97808837890625,Fake
629.jpg,73.45501708984375,68.29010009765625,65.2213134765625,Fake
722.jpg,71.97894287109375,87.01318359375,88.52850341796875,Fake
306.jpg,88.87762451171875,124.42315673828125,140.00537109375,Fake
564.jpg,94.7757568359375,109.98004150390625,104.06646728515625,Fake
344.jpg,108.3397216796875,128.67291259765625,127.96044921875,Fake
723.jpg,86.97747802734375,102.44378662109375,95.0389404296875,Fake
823.jpg,92.20538330078125,94.34515380859375,99.690185546875,Fake
124.jpg,88.72332763671875,107.8843994140625,104.5057373046875,Fake
772.jpg,90.05084228515625,107.10302734375,102.6248779296875,Fake
891.jpg,88.1107177734375,88.76861572265625,83.830078125,Fake
618.jpg,99.7552490234375,98.54547119140625,98.87384033203125,Fake
843.jpg,90.4991455078125,113.3238525390625,123.794189453125,Fake
864.jpg,122.2117919921875,150.10418701171875,156.2005615234375,Fake
155.jpg,77.2752685546875,88.990478515625,103.546630859375,Fake
163.jpg,59.58984375,72.18914794921875,90.19439697265625,Fake
240.jpg,77.0728759765625,86.77349853515625,97.49041748046875,Fake
672.jpg,109.99627685546875,125.741943359375,121.3253173828125,Fake
599.jpg,109.04095458984375,129.5753173828125,140.5118408203125,Fake
609.jpg,89.214111328125,95.16900634765625,102.20660400390625,Fake
698.jpg,79.2034912109375,106.008544921875,114.86383056640625,Fake
423.jpg,110.17572021484375,122.24444580078125,114.46954345703125,Fake
171.jpg,97.8353271484375,114.9761962890625,115.0294189453125,Fake
677.jpg,85.7564697265625,89.6015625,87.65521240234375,Fake
147.jpg,87.0751953125,93.1912841796875,99.91796875,Fake
110.jpg,84.47760009765625,119.4259033203125,124.93109130859375,Fake
37.jpg,102.8082275390625,102.5157470703125,99.480712890625,Fake
227.jpg,50.49310302734375,63.15008544921875,74.57940673828125,Fake
288.jpg,123.98443603515625,131.57861328125,127.97052001953125,Fake
611.jpg,97.4854736328125,92.01116943359375,97.28656005859375,Fake
225.jpg,116.3558349609375,115.0938720703125,111.37890625,Fake
369.jpg,99.800537109375,110.78125,113.33428955078125,Fake
852.jpg,96.11737060546875,97.28192138671875,94.06756591796875,Fake
682.jpg,83.27001953125,93.26190185546875,106.1514892578125,Fake
13.jpg,30.92193603515625,24.78985595703125,20.53289794921875,Fake
190.jpg,107.41094970703125,101.15777587890625,96.2117919921875,Fake
563.jpg,82.53167724609375,84.2716064453125,85.29534912109375,Fake
205.jpg,80.08978271484375,93.890380859375,78.9644775390625,Fake
330.jpg,87.632080078125,113.70458984375,124.730712890625,Fake
57.jpg,92.0311279296875,121.93878173828125,135.95574951171875,Fake
791.jpg,90.961181640625,101.31744384765625,98.5675048828125,Fake
107.jpg,78.0745849609375,79.384765625,77.79339599609375,Fake
478.jpg,111.60809326171875,99.52508544921875,88.9964599609375,Fake
878.jpg,71.40155029296875,87.65863037109375,90.819580078125,Fake
249.jpg,93.0416259765625,110.5482177734375,108.740966796875,Fake
1.jpg,51.6962890625,46.12274169921875,42.8907470703125,Fake
302.jpg,79.3905029296875,98.65362548828125,104.594970703125,Fake
351.jpg,60.58392333984375,58.43658447265625,57.76177978515625,Fake
518.jpg,136.1531982421875,155.916015625,153.92364501953125,Fake
154.jpg,97.60589599609375,119.31439208984375,114.1309814453125,Fake
598.jpg,86.8060302734375,85.48089599609375,85.1466064453125,Fake
404.jpg,88.04998779296875,90.9141845703125,94.10906982421875,Fake
396.jpg,107.04638671875,122.566162109375,125.56292724609375,Fake
377.jpg,53.15032958984375,48.78424072265625,44.03662109375,Fake
412.jpg,81.9031982421875,85.28302001953125,93.66156005859375,Fake
644.jpg,77.9449462890625,96.818115234375,92.2713623046875,Fake
549.jpg,92.3873291015625,105.31890869140625,99.62677001953125,Fake
20.jpg,108.84600830078125,107.11981201171875,104.23541259765625,Fake
448.jpg,24.2164306640625,22.34063720703125,20.07208251953125,Fake
352.jpg,94.1864013671875,110.323974609375,106.5440673828125,Fake
656.jpg,70.46307373046875,86.13739013671875,101.51495361328125,Fake
311.jpg,82.393798828125,102.92645263671875,110.9320068359375,Fake
164.jpg,91.90472412109375,126.170166015625,135.5269775390625,Fake
81.jpg,108.17413330078125,112.3111572265625,113.6708984375,Fake
79.jpg,105.3394775390625,105.5714111328125,100.90167236328125,Fake
300.jpg,76.28082275390625,82.45697021484375,90.7191162109375,Fake
116.jpg,94.56146240234375,90.73968505859375,89.572021484375,Fake
18.jpg,78.16851806640625,87.02532958984375,90.7386474609375,Fake
679.jpg,149.30291748046875,157.29180908203125,149.4627685546875,Fake
806.jpg,69.77752685546875,71.87725830078125,62.84332275390625,Fake
461.jpg,92.28314208984375,121.08544921875,128.799072265625,Fake
876.jpg,73.101806640625,100.58905029296875,110.5523681640625,Fake
649.jpg,89.51263427734375,89.28948974609375,92.61236572265625,Fake
9.jpg,67.96783447265625,58.7713623046875,55.319580078125,Fake
267.jpg,67.619384765625,90.4405517578125,106.427001953125,Fake
253.jpg,109.7884521484375,122.3883056640625,118.58953857421875,Fake
183.jpg,87.89556884765625,85.299072265625,81.16961669921875,Fake
616.jpg,126.38555908203125,150.12286376953125,155.7532958984375,Fake
619.jpg,84.66357421875,80.695556640625,75.51458740234375,Fake
218.jpg,84.68463134765625,99.59307861328125,120.13348388671875,Fake
6.jpg,100.8795166015625,112.15814208984375,100.4388427734375,Fake
22.jpg,31.22821044921875,28.4716796875,25.32391357421875,Fake
165.jpg,97.63360595703125,105.12451171875,104.980712890625,Fake
561.jpg,82.80560302734375,111.84710693359375,128.693359375,Fake
737.jpg,110.82476806640625,123.32220458984375,117.420166015625,Fake
506.jpg,65.2734375,94.35968017578125,127.30633544921875,Fake
266.jpg,72.9237060546875,89.79656982421875,103.49664306640625,Fake
63.jpg,103.30145263671875,120.0384521484375,105.8765869140625,Fake
450.jpg,87.7498779296875,111.71795654296875,117.4483642578125,Fake
15.jpg,92.6661376953125,116.7547607421875,121.4935302734375,Fake
578.jpg,88.57452392578125,88.6285400390625,92.45367431640625,Fake
43.jpg,73.6068115234375,75.6845703125,83.03326416015625,Fake
676.jpg,90.29876708984375,88.29998779296875,82.28314208984375,Fake
733.jpg,140.6744384765625,166.14990234375,178.31988525390625,Fake
647.jpg,105.3323974609375,104.2213134765625,114.08740234375,Fake
104.jpg,81.7734375,83.43316650390625,83.82275390625,Fake
226.jpg,74.9752197265625,81.11041259765625,88.2596435546875,Fake
650.jpg,119.69500732421875,121.04022216796875,116.43426513671875,Fake
590.jpg,58.9642333984375,46.71942138671875,34.79058837890625,Fake
417.jpg,123.29522705078125,117.06689453125,112.1373291015625,Fake
482.jpg,120.37884521484375,119.244873046875,113.8768310546875,Fake
604.jpg,105.33184814453125,120.6239013671875,119.88970947265625,Fake
160.jpg,71.25006103515625,79.63922119140625,88.12506103515625,Fake
212.jpg,40.34368896484375,35.80279541015625,30.66064453125,Fake
757.jpg,63.02178955078125,54.5142822265625,48.0789794921875,Fake
886.jpg,107.789794921875,102.4061279296875,99.68658447265625,Fake
278.jpg,79.3145751953125,89.66485595703125,96.3370361328125,Fake
666.jpg,95.6209716796875,98.58538818359375,101.55487060546875,Fake
213.jpg,111.0911865234375,116.97998046875,110.35870361328125,Fake
747.jpg,47.450927734375,76.590087890625,97.7364501953125,Fake
508.jpg,85.5220947265625,95.919677734375,95.25445556640625,Fake
718.jpg,102.968017578125,99.2667236328125,98.5103759765625,Fake
40.jpg,64.85760498046875,46.84234619140625,40.04962158203125,Fake
19.jpg,96.941650390625,109.12139892578125,113.19805908203125,Fake
531.jpg,80.43267822265625,120.00885009765625,149.569580078125,Fake
419.jpg,76.0989990234375,75.02008056640625,78.75103759765625,Fake
730.jpg,98.41265869140625,102.14837646484375,109.59173583984375,Fake
347.jpg,102.92529296875,119.4554443359375,116.3773193359375,Fake
720.jpg,20.78607177734375,19.02764892578125,16.507080078125,Fake
309.jpg,98.10797119140625,138.93804931640625,145.36798095703125,Fake
415.jpg,112.98077392578125,112.6378173828125,110.83245849609375,Fake
659.jpg,105.90753173828125,99.89068603515625,98.04693603515625,Fake
271.jpg,85.1014404296875,101.6126708984375,101.11090087890625,Fake
708.jpg,94.37060546875,119.320556640625,119.4478759765625,Fake
200.jpg,96.74688720703125,92.85321044921875,89.77630615234375,Fake
112.jpg,105.78704833984375,134.1243896484375,130.30328369140625,Fake
141.jpg,28.1097412109375,34.37158203125,19.03363037109375,Fake
231.jpg,117.21026611328125,119.20556640625,107.716796875,Fake
804.jpg,66.9041748046875,36.10467529296875,28.15484619140625,Fake
30.jpg,96.59588623046875,132.919921875,147.14459228515625,Fake
144.jpg,78.689453125,82.78436279296875,94.88763427734375,Fake
583.jpg,99.00872802734375,97.13189697265625,100.53265380859375,Fake
527.jpg,97.25164794921875,104.57574462890625,94.7449951171875,Fake
669.jpg,92.53082275390625,107.300537109375,109.4569091796875,Fake
783.jpg,93.77508544921875,124.1461181640625,134.60626220703125,Fake
784.jpg,92.185546875,110.5977783203125,108.48333740234375,Fake
180.jpg,25.09417724609375,23.0732421875,20.12152099609375,Fake
371.jpg,96.39862060546875,105.6689453125,106.18145751953125,Fake
684.jpg,59.7479248046875,48.5496826171875,37.93505859375,Fake
389.jpg,24.7730712890625,23.1055908203125,20.1837158203125,Fake
472.jpg,34.6358642578125,28.27020263671875,25.36370849609375,Fake
340.jpg,83.50384521484375,116.47900390625,132.05987548828125,Fake
170.jpg,105.17828369140625,112.5438232421875,96.342529296875,Fake
643.jpg,138.80035400390625,138.37017822265625,134.9984130859375,Fake
593.jpg,22.52130126953125,21.3115234375,21.12042236328125,Fake
775.jpg,105.0184326171875,106.22607421875,109.57427978515625,Fake
724.jpg,87.62353515625,105.943115234375,106.5716552734375,Fake
289.jpg,131.01318359375,148.56927490234375,142.39324951171875,Fake
97.jpg,101.0064697265625,108.55206298828125,108.341552734375,Fake
151.jpg,89.40692138671875,86.8240966796875,86.258544921875,Fake
333.jpg,83.95068359375,81.57989501953125,87.04083251953125,Fake
459.jpg,77.8067626953125,75.45343017578125,81.3765869140625,Fake
690.jpg,108.9051513671875,120.98828125,116.17987060546875,Fake
489.jpg,89.25732421875,88.95318603515625,91.80194091796875,Fake
603.jpg,104.5291748046875,103.34124755859375,101.30712890625,Fake
74.jpg,93.127197265625,110.5120849609375,107.98919677734375,Fake
826.jpg,94.73040771484375,94.77783203125,95.86895751953125,Fake
710.jpg,65.4017333984375,66.57159423828125,69.91485595703125,Fake
